model_id	gene_symbol	z_score	diagnosis	platform_id	chromosome	seq_start_position	seq_end_position	gene_id_ensembl
T15	ACVR1B	0.72126	colon carcinoma	platform_1	12	51951667	51997078	ENSG00000135503
T1	ACVR1B	0.459555	squamous cell carcinoma	platform_1	12	51951667	51997078	ENSG00000135503
T7	ACVR1B	1.01855	adenocarcinoma	platform_1	12	51951667	51997078	ENSG00000135503
T6	ACVR1B	0.471895	lung adenocarcinoma	platform_1	12	51951667	51997078	ENSG00000135503
T14	ACVR1B	-0.226699	lung adenocarcinoma	platform_2	12	51951667	51997078	ENSG00000135503
T8	ACVR1B	-0.181006	lung adenocarcinoma	platform_1	12	51951667	51997078	ENSG00000135503
T3	ACVR1B	0.317667	adenocarcinoma	platform_2	12	51951667	51997078	ENSG00000135503
T2	ACVR1B	-0.615815	squamous cell carcinoma	platform_1	12	51951667	51997078	ENSG00000135503
T12	ACVR1B	1.68729	adenocarcinoma	platform_1	12	51951667	51997078	ENSG00000135503
T4	ACVR1B	0.487709	squamous cell carcinoma	platform_1	12	51951667	51997078	ENSG00000135503
T10	ACVR1B	0.491594	adenocarcinoma	platform_2	12	51951667	51997078	ENSG00000135503
T10	ACVR1B	0.499856	adenocarcinoma	platform_1	12	51951667	51997078	ENSG00000135503
T0	ACVR1B	-0.0748797	adenocarcinoma	platform_1	12	51951667	51997078	ENSG00000135503
T9	ACVR1B	0.622692	colon carcinoma	platform_1	12	51951667	51997078	ENSG00000135503
T5	ACVR1B	1.49504	adenocarcinoma	platform_2	12	51951667	51997078	ENSG00000135503
T13	ACVR1B	1.27481	lung adenocarcinoma	platform_1	12	51951667	51997078	ENSG00000135503
T13	ACVR1B	0.785867	lung adenocarcinoma	platform_2	12	51951667	51997078	ENSG00000135503
T13	ACVR1B	0.733366	lung adenocarcinoma	platform_1	12	51951667	51997078	ENSG00000135503
T11	ACVR1B	-0.137295	squamous cell carcinoma	platform_1	12	51951667	51997078	ENSG00000135503
T15	AGO3	-1.57542	colon carcinoma	platform_1	1	35930718	36072500	ENSG00000126070
T1	AGO3	0.706089	squamous cell carcinoma	platform_1	1	35930718	36072500	ENSG00000126070
T7	AGO3	-1.30783	adenocarcinoma	platform_1	1	35930718	36072500	ENSG00000126070
T6	AGO3	1.28966	lung adenocarcinoma	platform_1	1	35930718	36072500	ENSG00000126070
T14	AGO3	0.459185	lung adenocarcinoma	platform_2	1	35930718	36072500	ENSG00000126070
T8	AGO3	-0.402456	lung adenocarcinoma	platform_1	1	35930718	36072500	ENSG00000126070
T3	AGO3	-1.64382	adenocarcinoma	platform_2	1	35930718	36072500	ENSG00000126070
T2	AGO3	0.226994	squamous cell carcinoma	platform_1	1	35930718	36072500	ENSG00000126070
T12	AGO3	-1.90073	adenocarcinoma	platform_1	1	35930718	36072500	ENSG00000126070
T4	AGO3	1.65922	squamous cell carcinoma	platform_1	1	35930718	36072500	ENSG00000126070
T10	AGO3	-2.48207	adenocarcinoma	platform_1	1	35930718	36072500	ENSG00000126070
T10	AGO3	-0.838055	adenocarcinoma	platform_2	1	35930718	36072500	ENSG00000126070
T0	AGO3	-1.17989	adenocarcinoma	platform_1	1	35930718	36072500	ENSG00000126070
T9	AGO3	-0.24455	colon carcinoma	platform_1	1	35930718	36072500	ENSG00000126070
T5	AGO3	-0.191103	adenocarcinoma	platform_2	1	35930718	36072500	ENSG00000126070
T13	AGO3	0.137037	lung adenocarcinoma	platform_1	1	35930718	36072500	ENSG00000126070
T13	AGO3	0.687448	lung adenocarcinoma	platform_1	1	35930718	36072500	ENSG00000126070
T13	AGO3	-0.0883266	lung adenocarcinoma	platform_2	1	35930718	36072500	ENSG00000126070
T11	AGO3	-0.584153	squamous cell carcinoma	platform_1	1	35930718	36072500	ENSG00000126070
T15	AKT1	-0.967661	colon carcinoma	platform_1	14	104769349	104795751	ENSG00000142208
T1	AKT1	-0.820759	squamous cell carcinoma	platform_1	14	104769349	104795751	ENSG00000142208
T7	AKT1	-1.70587	adenocarcinoma	platform_1	14	104769349	104795751	ENSG00000142208
T6	AKT1	1.46578	lung adenocarcinoma	platform_1	14	104769349	104795751	ENSG00000142208
T14	AKT1	-0.362726	lung adenocarcinoma	platform_2	14	104769349	104795751	ENSG00000142208
T8	AKT1	-1.49781	lung adenocarcinoma	platform_1	14	104769349	104795751	ENSG00000142208
T3	AKT1	0.641122	adenocarcinoma	platform_2	14	104769349	104795751	ENSG00000142208
T2	AKT1	-1.09371	squamous cell carcinoma	platform_1	14	104769349	104795751	ENSG00000142208
T12	AKT1	0.721367	adenocarcinoma	platform_1	14	104769349	104795751	ENSG00000142208
T4	AKT1	1.1093	squamous cell carcinoma	platform_1	14	104769349	104795751	ENSG00000142208
T10	AKT1	2.28472	adenocarcinoma	platform_2	14	104769349	104795751	ENSG00000142208
T10	AKT1	1.77923	adenocarcinoma	platform_1	14	104769349	104795751	ENSG00000142208
T0	AKT1	-0.019558	adenocarcinoma	platform_1	14	104769349	104795751	ENSG00000142208
T9	AKT1	-0.307348	colon carcinoma	platform_1	14	104769349	104795751	ENSG00000142208
T5	AKT1	1.05808	adenocarcinoma	platform_2	14	104769349	104795751	ENSG00000142208
T13	AKT1	-1.02517	lung adenocarcinoma	platform_1	14	104769349	104795751	ENSG00000142208
T13	AKT1	-0.540892	lung adenocarcinoma	platform_1	14	104769349	104795751	ENSG00000142208
T13	AKT1	-1.0942	lung adenocarcinoma	platform_2	14	104769349	104795751	ENSG00000142208
T11	AKT1	-0.621552	squamous cell carcinoma	platform_1	14	104769349	104795751	ENSG00000142208
T15	ALK	-0.740641	colon carcinoma	platform_1	2	29192774	29921566	ENSG00000171094
T1	ALK	0.872868	squamous cell carcinoma	platform_1	2	29192774	29921566	ENSG00000171094
T7	ALK	-0.740641	adenocarcinoma	platform_1	2	29192774	29921566	ENSG00000171094
T6	ALK	-0.271715	lung adenocarcinoma	platform_1	2	29192774	29921566	ENSG00000171094
T14	ALK	-0.400683	lung adenocarcinoma	platform_2	2	29192774	29921566	ENSG00000171094
T8	ALK	-0.729883	lung adenocarcinoma	platform_1	2	29192774	29921566	ENSG00000171094
T3	ALK	-0.481407	adenocarcinoma	platform_2	2	29192774	29921566	ENSG00000171094
T2	ALK	1.55331	squamous cell carcinoma	platform_1	2	29192774	29921566	ENSG00000171094
T12	ALK	-0.740641	adenocarcinoma	platform_1	2	29192774	29921566	ENSG00000171094
T4	ALK	0.49825	squamous cell carcinoma	platform_1	2	29192774	29921566	ENSG00000171094
T10	ALK	-0.352678	adenocarcinoma	platform_2	2	29192774	29921566	ENSG00000171094
T10	ALK	0.68376	adenocarcinoma	platform_1	2	29192774	29921566	ENSG00000171094
T0	ALK	-0.158118	adenocarcinoma	platform_1	2	29192774	29921566	ENSG00000171094
T9	ALK	-0.740641	colon carcinoma	platform_1	2	29192774	29921566	ENSG00000171094
T5	ALK	-0.746194	adenocarcinoma	platform_2	2	29192774	29921566	ENSG00000171094
T13	ALK	1.78887	lung adenocarcinoma	platform_1	2	29192774	29921566	ENSG00000171094
T13	ALK	0.505626	lung adenocarcinoma	platform_2	2	29192774	29921566	ENSG00000171094
T13	ALK	1.80469	lung adenocarcinoma	platform_1	2	29192774	29921566	ENSG00000171094
T11	ALK	0.143215	squamous cell carcinoma	platform_1	2	29192774	29921566	ENSG00000171094
T15	ASXL1	0.233389	colon carcinoma	platform_1	20	32358344	32439319	ENSG00000171456
T1	ASXL1	0.169099	squamous cell carcinoma	platform_1	20	32358344	32439319	ENSG00000171456
T7	ASXL1	0.557827	adenocarcinoma	platform_1	20	32358344	32439319	ENSG00000171456
T6	ASXL1	0.100893	lung adenocarcinoma	platform_1	20	32358344	32439319	ENSG00000171456
T14	ASXL1	0.204489	lung adenocarcinoma	platform_2	20	32358344	32439319	ENSG00000171456
T8	ASXL1	2.05427	lung adenocarcinoma	platform_1	20	32358344	32439319	ENSG00000171456
T3	ASXL1	-1.46504	adenocarcinoma	platform_2	20	32358344	32439319	ENSG00000171456
T2	ASXL1	0.848731	squamous cell carcinoma	platform_1	20	32358344	32439319	ENSG00000171456
T12	ASXL1	0.304116	adenocarcinoma	platform_1	20	32358344	32439319	ENSG00000171456
T4	ASXL1	-0.880006	squamous cell carcinoma	platform_1	20	32358344	32439319	ENSG00000171456
T10	ASXL1	-0.480837	adenocarcinoma	platform_2	20	32358344	32439319	ENSG00000171456
T10	ASXL1	-1.16032	adenocarcinoma	platform_1	20	32358344	32439319	ENSG00000171456
T0	ASXL1	-1.81236	adenocarcinoma	platform_1	20	32358344	32439319	ENSG00000171456
T9	ASXL1	-0.966814	colon carcinoma	platform_1	20	32358344	32439319	ENSG00000171456
T5	ASXL1	-1.00072	adenocarcinoma	platform_2	20	32358344	32439319	ENSG00000171456
T13	ASXL1	-0.0722956	lung adenocarcinoma	platform_1	20	32358344	32439319	ENSG00000171456
T13	ASXL1	-0.216127	lung adenocarcinoma	platform_2	20	32358344	32439319	ENSG00000171456
T13	ASXL1	0.00234037	lung adenocarcinoma	platform_1	20	32358344	32439319	ENSG00000171456
T11	ASXL1	-0.326465	squamous cell carcinoma	platform_1	20	32358344	32439319	ENSG00000171456
T15	B2M	-0.465152	colon carcinoma	platform_1	15	44711477	44718877	ENSG00000166710
T1	B2M	0.265694	squamous cell carcinoma	platform_1	15	44711477	44718877	ENSG00000166710
T7	B2M	0.0800635	adenocarcinoma	platform_1	15	44711477	44718877	ENSG00000166710
T6	B2M	-0.00135815	lung adenocarcinoma	platform_1	15	44711477	44718877	ENSG00000166710
T14	B2M	-0.797806	lung adenocarcinoma	platform_2	15	44711477	44718877	ENSG00000166710
T8	B2M	-0.326246	lung adenocarcinoma	platform_1	15	44711477	44718877	ENSG00000166710
T3	B2M	0.527326	adenocarcinoma	platform_2	15	44711477	44718877	ENSG00000166710
T2	B2M	1.1871	squamous cell carcinoma	platform_1	15	44711477	44718877	ENSG00000166710
T12	B2M	-0.443725	adenocarcinoma	platform_1	15	44711477	44718877	ENSG00000166710
T4	B2M	0.726232	squamous cell carcinoma	platform_1	15	44711477	44718877	ENSG00000166710
T10	B2M	-0.648826	adenocarcinoma	platform_1	15	44711477	44718877	ENSG00000166710
T10	B2M	-0.551888	adenocarcinoma	platform_2	15	44711477	44718877	ENSG00000166710
T0	B2M	0.220462	adenocarcinoma	platform_1	15	44711477	44718877	ENSG00000166710
T9	B2M	0.467429	colon carcinoma	platform_1	15	44711477	44718877	ENSG00000166710
T5	B2M	0.636611	adenocarcinoma	platform_2	15	44711477	44718877	ENSG00000166710
T13	B2M	1.57893	lung adenocarcinoma	platform_1	15	44711477	44718877	ENSG00000166710
T13	B2M	0.983133	lung adenocarcinoma	platform_1	15	44711477	44718877	ENSG00000166710
T13	B2M	0.924494	lung adenocarcinoma	platform_2	15	44711477	44718877	ENSG00000166710
T11	B2M	-1.2506	squamous cell carcinoma	platform_1	15	44711477	44718877	ENSG00000166710
T15	BCOR	-0.479971	colon carcinoma	platform_1	X	40049815	40177329	ENSG00000183337
T1	BCOR	0.0344998	squamous cell carcinoma	platform_1	X	40049815	40177329	ENSG00000183337
T7	BCOR	0.280141	adenocarcinoma	platform_1	X	40049815	40177329	ENSG00000183337
T6	BCOR	0.145918	lung adenocarcinoma	platform_1	X	40049815	40177329	ENSG00000183337
T14	BCOR	-1.41596	lung adenocarcinoma	platform_2	X	40049815	40177329	ENSG00000183337
T8	BCOR	-0.425992	lung adenocarcinoma	platform_1	X	40049815	40177329	ENSG00000183337
T3	BCOR	-0.744125	adenocarcinoma	platform_2	X	40049815	40177329	ENSG00000183337
T2	BCOR	0.66753	squamous cell carcinoma	platform_1	X	40049815	40177329	ENSG00000183337
T12	BCOR	2.14822	adenocarcinoma	platform_1	X	40049815	40177329	ENSG00000183337
T4	BCOR	-0.309121	squamous cell carcinoma	platform_1	X	40049815	40177329	ENSG00000183337
T10	BCOR	1.10724	adenocarcinoma	platform_2	X	40049815	40177329	ENSG00000183337
T10	BCOR	1.10374	adenocarcinoma	platform_1	X	40049815	40177329	ENSG00000183337
T0	BCOR	-0.550966	adenocarcinoma	platform_1	X	40049815	40177329	ENSG00000183337
T9	BCOR	-0.0796192	colon carcinoma	platform_1	X	40049815	40177329	ENSG00000183337
T5	BCOR	1.432	adenocarcinoma	platform_2	X	40049815	40177329	ENSG00000183337
T13	BCOR	-0.868027	lung adenocarcinoma	platform_1	X	40049815	40177329	ENSG00000183337
T13	BCOR	-1.07566	lung adenocarcinoma	platform_2	X	40049815	40177329	ENSG00000183337
T13	BCOR	-0.864818	lung adenocarcinoma	platform_1	X	40049815	40177329	ENSG00000183337
T11	BCOR	-0.674221	squamous cell carcinoma	platform_1	X	40049815	40177329	ENSG00000183337
T15	CCNE1	-0.477741	colon carcinoma	platform_1	19	29811898	29824308	ENSG00000105173
T1	CCNE1	-0.500529	squamous cell carcinoma	platform_1	19	29811898	29824308	ENSG00000105173
T7	CCNE1	0.286507	adenocarcinoma	platform_1	19	29811898	29824308	ENSG00000105173
T6	CCNE1	-0.786818	lung adenocarcinoma	platform_1	19	29811898	29824308	ENSG00000105173
T14	CCNE1	-0.272275	lung adenocarcinoma	platform_2	19	29811898	29824308	ENSG00000105173
T8	CCNE1	-0.40685	lung adenocarcinoma	platform_1	19	29811898	29824308	ENSG00000105173
T3	CCNE1	-0.641222	adenocarcinoma	platform_2	19	29811898	29824308	ENSG00000105173
T2	CCNE1	-0.309766	squamous cell carcinoma	platform_1	19	29811898	29824308	ENSG00000105173
T12	CCNE1	0.370731	adenocarcinoma	platform_1	19	29811898	29824308	ENSG00000105173
T4	CCNE1	-0.069669	squamous cell carcinoma	platform_1	19	29811898	29824308	ENSG00000105173
T10	CCNE1	-0.657481	adenocarcinoma	platform_2	19	29811898	29824308	ENSG00000105173
T10	CCNE1	-0.891959	adenocarcinoma	platform_1	19	29811898	29824308	ENSG00000105173
T0	CCNE1	0.0524948	adenocarcinoma	platform_1	19	29811898	29824308	ENSG00000105173
T9	CCNE1	-0.863036	colon carcinoma	platform_1	19	29811898	29824308	ENSG00000105173
T5	CCNE1	0.545026	adenocarcinoma	platform_2	19	29811898	29824308	ENSG00000105173
T13	CCNE1	-0.822025	lung adenocarcinoma	platform_1	19	29811898	29824308	ENSG00000105173
T13	CCNE1	-1.13762	lung adenocarcinoma	platform_2	19	29811898	29824308	ENSG00000105173
T13	CCNE1	-1.06602	lung adenocarcinoma	platform_1	19	29811898	29824308	ENSG00000105173
T11	CCNE1	0.970876	squamous cell carcinoma	platform_1	19	29811898	29824308	ENSG00000105173
T15	CREBBP	-0.983456	colon carcinoma	platform_1	16	3725054	3880726	ENSG00000005339
T1	CREBBP	1.14222	squamous cell carcinoma	platform_1	16	3725054	3880726	ENSG00000005339
T7	CREBBP	0.661855	adenocarcinoma	platform_1	16	3725054	3880726	ENSG00000005339
T6	CREBBP	0.123743	lung adenocarcinoma	platform_1	16	3725054	3880726	ENSG00000005339
T14	CREBBP	-0.262301	lung adenocarcinoma	platform_2	16	3725054	3880726	ENSG00000005339
T8	CREBBP	0.101722	lung adenocarcinoma	platform_1	16	3725054	3880726	ENSG00000005339
T3	CREBBP	-1.26527	adenocarcinoma	platform_2	16	3725054	3880726	ENSG00000005339
T2	CREBBP	-0.620109	squamous cell carcinoma	platform_1	16	3725054	3880726	ENSG00000005339
T12	CREBBP	-0.0506611	adenocarcinoma	platform_1	16	3725054	3880726	ENSG00000005339
T4	CREBBP	1.07795	squamous cell carcinoma	platform_1	16	3725054	3880726	ENSG00000005339
T10	CREBBP	-1.75009	adenocarcinoma	platform_1	16	3725054	3880726	ENSG00000005339
T10	CREBBP	0.219901	adenocarcinoma	platform_2	16	3725054	3880726	ENSG00000005339
T0	CREBBP	-0.430229	adenocarcinoma	platform_1	16	3725054	3880726	ENSG00000005339
T9	CREBBP	-1.28525	colon carcinoma	platform_1	16	3725054	3880726	ENSG00000005339
T5	CREBBP	-0.470906	adenocarcinoma	platform_2	16	3725054	3880726	ENSG00000005339
T13	CREBBP	0.333439	lung adenocarcinoma	platform_1	16	3725054	3880726	ENSG00000005339
T13	CREBBP	0.153971	lung adenocarcinoma	platform_2	16	3725054	3880726	ENSG00000005339
T13	CREBBP	-0.150754	lung adenocarcinoma	platform_1	16	3725054	3880726	ENSG00000005339
T11	CREBBP	0.668589	squamous cell carcinoma	platform_1	16	3725054	3880726	ENSG00000005339
T15	DDIT4	-0.681987	colon carcinoma	platform_1	10	72273920	72276036	ENSG00000168209
T1	DDIT4	0.841279	squamous cell carcinoma	platform_1	10	72273920	72276036	ENSG00000168209
T7	DDIT4	-0.216138	adenocarcinoma	platform_1	10	72273920	72276036	ENSG00000168209
T6	DDIT4	-0.657919	lung adenocarcinoma	platform_1	10	72273920	72276036	ENSG00000168209
T14	DDIT4	0.277952	lung adenocarcinoma	platform_2	10	72273920	72276036	ENSG00000168209
T8	DDIT4	0.805186	lung adenocarcinoma	platform_1	10	72273920	72276036	ENSG00000168209
T3	DDIT4	-0.337787	adenocarcinoma	platform_2	10	72273920	72276036	ENSG00000168209
T2	DDIT4	-1.02226	squamous cell carcinoma	platform_1	10	72273920	72276036	ENSG00000168209
T12	DDIT4	-0.287898	adenocarcinoma	platform_1	10	72273920	72276036	ENSG00000168209
T4	DDIT4	1.55568	squamous cell carcinoma	platform_1	10	72273920	72276036	ENSG00000168209
T10	DDIT4	0.20301	adenocarcinoma	platform_2	10	72273920	72276036	ENSG00000168209
T10	DDIT4	0.182063	adenocarcinoma	platform_1	10	72273920	72276036	ENSG00000168209
T0	DDIT4	-0.293197	adenocarcinoma	platform_1	10	72273920	72276036	ENSG00000168209
T9	DDIT4	0.29187	colon carcinoma	platform_1	10	72273920	72276036	ENSG00000168209
T5	DDIT4	0.639364	adenocarcinoma	platform_2	10	72273920	72276036	ENSG00000168209
T13	DDIT4	0.276695	lung adenocarcinoma	platform_1	10	72273920	72276036	ENSG00000168209
T13	DDIT4	0.140256	lung adenocarcinoma	platform_2	10	72273920	72276036	ENSG00000168209
T13	DDIT4	0.626866	lung adenocarcinoma	platform_1	10	72273920	72276036	ENSG00000168209
T11	DDIT4	0.362402	squamous cell carcinoma	platform_1	10	72273920	72276036	ENSG00000168209
T15	DOT1L	-1.02832	colon carcinoma	platform_1	19	2164149	2232578	ENSG00000104885
T1	DOT1L	0.19077	squamous cell carcinoma	platform_1	19	2164149	2232578	ENSG00000104885
T7	DOT1L	0.293474	adenocarcinoma	platform_1	19	2164149	2232578	ENSG00000104885
T6	DOT1L	-0.092007	lung adenocarcinoma	platform_1	19	2164149	2232578	ENSG00000104885
T14	DOT1L	-1.26275	lung adenocarcinoma	platform_2	19	2164149	2232578	ENSG00000104885
T8	DOT1L	-2.37578	lung adenocarcinoma	platform_1	19	2164149	2232578	ENSG00000104885
T3	DOT1L	1.82828	adenocarcinoma	platform_2	19	2164149	2232578	ENSG00000104885
T2	DOT1L	1.21196	squamous cell carcinoma	platform_1	19	2164149	2232578	ENSG00000104885
T12	DOT1L	-0.787066	adenocarcinoma	platform_1	19	2164149	2232578	ENSG00000104885
T4	DOT1L	1.01096	squamous cell carcinoma	platform_1	19	2164149	2232578	ENSG00000104885
T10	DOT1L	-0.662072	adenocarcinoma	platform_2	19	2164149	2232578	ENSG00000104885
T10	DOT1L	-2.07339	adenocarcinoma	platform_1	19	2164149	2232578	ENSG00000104885
T0	DOT1L	0.152596	adenocarcinoma	platform_1	19	2164149	2232578	ENSG00000104885
T9	DOT1L	-0.391984	colon carcinoma	platform_1	19	2164149	2232578	ENSG00000104885
T5	DOT1L	-0.109446	adenocarcinoma	platform_2	19	2164149	2232578	ENSG00000104885
T13	DOT1L	-0.821426	lung adenocarcinoma	platform_1	19	2164149	2232578	ENSG00000104885
T13	DOT1L	-0.626088	lung adenocarcinoma	platform_2	19	2164149	2232578	ENSG00000104885
T13	DOT1L	-0.373492	lung adenocarcinoma	platform_1	19	2164149	2232578	ENSG00000104885
T11	DOT1L	1.11015	squamous cell carcinoma	platform_1	19	2164149	2232578	ENSG00000104885
T15	DSPP	0.13883	colon carcinoma	platform_1	4	87608529	87616910	ENSG00000152591
T1	DSPP	1.75568	squamous cell carcinoma	platform_1	4	87608529	87616910	ENSG00000152591
T7	DSPP	0.13883	adenocarcinoma	platform_1	4	87608529	87616910	ENSG00000152591
T6	DSPP	0.13883	lung adenocarcinoma	platform_1	4	87608529	87616910	ENSG00000152591
T14	DSPP	0.164545	lung adenocarcinoma	platform_2	4	87608529	87616910	ENSG00000152591
T8	DSPP	0.332269	lung adenocarcinoma	platform_1	4	87608529	87616910	ENSG00000152591
T3	DSPP	0.649827	adenocarcinoma	platform_2	4	87608529	87616910	ENSG00000152591
T2	DSPP	0.13883	squamous cell carcinoma	platform_1	4	87608529	87616910	ENSG00000152591
T12	DSPP	0.13883	adenocarcinoma	platform_1	4	87608529	87616910	ENSG00000152591
T4	DSPP	2.55648	squamous cell carcinoma	platform_1	4	87608529	87616910	ENSG00000152591
T10	DSPP	-0.688603	adenocarcinoma	platform_2	4	87608529	87616910	ENSG00000152591
T10	DSPP	0.332269	adenocarcinoma	platform_1	4	87608529	87616910	ENSG00000152591
T0	DSPP	0.13883	adenocarcinoma	platform_1	4	87608529	87616910	ENSG00000152591
T9	DSPP	0.635338	colon carcinoma	platform_1	4	87608529	87616910	ENSG00000152591
T5	DSPP	0.074091	adenocarcinoma	platform_2	4	87608529	87616910	ENSG00000152591
T13	DSPP	1.2734	lung adenocarcinoma	platform_1	4	87608529	87616910	ENSG00000152591
T13	DSPP	-0.238941	lung adenocarcinoma	platform_2	4	87608529	87616910	ENSG00000152591
T13	DSPP	0.8842	lung adenocarcinoma	platform_1	4	87608529	87616910	ENSG00000152591
T11	DSPP	0.332269	squamous cell carcinoma	platform_1	4	87608529	87616910	ENSG00000152591
T15	EZH2	0.0817089	colon carcinoma	platform_1	7	148807383	148884321	ENSG00000106462
T1	EZH2	0.657606	squamous cell carcinoma	platform_1	7	148807383	148884321	ENSG00000106462
T7	EZH2	-0.381104	adenocarcinoma	platform_1	7	148807383	148884321	ENSG00000106462
T6	EZH2	0.320364	lung adenocarcinoma	platform_1	7	148807383	148884321	ENSG00000106462
T14	EZH2	0.116531	lung adenocarcinoma	platform_2	7	148807383	148884321	ENSG00000106462
T8	EZH2	0.0500274	lung adenocarcinoma	platform_1	7	148807383	148884321	ENSG00000106462
T3	EZH2	-0.166362	adenocarcinoma	platform_2	7	148807383	148884321	ENSG00000106462
T2	EZH2	1.77008	squamous cell carcinoma	platform_1	7	148807383	148884321	ENSG00000106462
T12	EZH2	0.11165	adenocarcinoma	platform_1	7	148807383	148884321	ENSG00000106462
T4	EZH2	-0.911577	squamous cell carcinoma	platform_1	7	148807383	148884321	ENSG00000106462
T10	EZH2	0.0930467	adenocarcinoma	platform_2	7	148807383	148884321	ENSG00000106462
T10	EZH2	-0.425696	adenocarcinoma	platform_1	7	148807383	148884321	ENSG00000106462
T0	EZH2	0.301845	adenocarcinoma	platform_1	7	148807383	148884321	ENSG00000106462
T9	EZH2	0.62192	colon carcinoma	platform_1	7	148807383	148884321	ENSG00000106462
T5	EZH2	-0.463051	adenocarcinoma	platform_2	7	148807383	148884321	ENSG00000106462
T13	EZH2	-1.13219	lung adenocarcinoma	platform_2	7	148807383	148884321	ENSG00000106462
T13	EZH2	-0.724565	lung adenocarcinoma	platform_1	7	148807383	148884321	ENSG00000106462
T13	EZH2	-0.91091	lung adenocarcinoma	platform_1	7	148807383	148884321	ENSG00000106462
T11	EZH2	-0.00581762	squamous cell carcinoma	platform_1	7	148807383	148884321	ENSG00000106462
T15	FLT3	0.545053	colon carcinoma	platform_1	13	28003274	28100592	ENSG00000122025
T1	FLT3	-0.125185	squamous cell carcinoma	platform_1	13	28003274	28100592	ENSG00000122025
T7	FLT3	-0.125185	adenocarcinoma	platform_1	13	28003274	28100592	ENSG00000122025
T6	FLT3	1.10796	lung adenocarcinoma	platform_1	13	28003274	28100592	ENSG00000122025
T14	FLT3	-0.18022	lung adenocarcinoma	platform_2	13	28003274	28100592	ENSG00000122025
T8	FLT3	-0.306264	lung adenocarcinoma	platform_1	13	28003274	28100592	ENSG00000122025
T3	FLT3	0.825219	adenocarcinoma	platform_2	13	28003274	28100592	ENSG00000122025
T2	FLT3	3.42977	squamous cell carcinoma	platform_1	13	28003274	28100592	ENSG00000122025
T12	FLT3	-0.125185	adenocarcinoma	platform_1	13	28003274	28100592	ENSG00000122025
T4	FLT3	-0.0536637	squamous cell carcinoma	platform_1	13	28003274	28100592	ENSG00000122025
T10	FLT3	0.148402	adenocarcinoma	platform_1	13	28003274	28100592	ENSG00000122025
T10	FLT3	-0.271718	adenocarcinoma	platform_2	13	28003274	28100592	ENSG00000122025
T0	FLT3	-0.125185	adenocarcinoma	platform_1	13	28003274	28100592	ENSG00000122025
T9	FLT3	0.271567	colon carcinoma	platform_1	13	28003274	28100592	ENSG00000122025
T5	FLT3	-0.216159	adenocarcinoma	platform_2	13	28003274	28100592	ENSG00000122025
T13	FLT3	0.977628	lung adenocarcinoma	platform_1	13	28003274	28100592	ENSG00000122025
T13	FLT3	0.163788	lung adenocarcinoma	platform_2	13	28003274	28100592	ENSG00000122025
T13	FLT3	0.369081	lung adenocarcinoma	platform_1	13	28003274	28100592	ENSG00000122025
T11	FLT3	0.0823137	squamous cell carcinoma	platform_1	13	28003274	28100592	ENSG00000122025
T15	GATA3	-0.089774	colon carcinoma	platform_1	10	8053604	8075198	ENSG00000107485
T1	GATA3	-1.07931	squamous cell carcinoma	platform_1	10	8053604	8075198	ENSG00000107485
T7	GATA3	-1.07931	adenocarcinoma	platform_1	10	8053604	8075198	ENSG00000107485
T6	GATA3	0.57775	lung adenocarcinoma	platform_1	10	8053604	8075198	ENSG00000107485
T14	GATA3	-0.355594	lung adenocarcinoma	platform_2	10	8053604	8075198	ENSG00000107485
T8	GATA3	-0.663418	lung adenocarcinoma	platform_1	10	8053604	8075198	ENSG00000107485
T3	GATA3	-0.506861	adenocarcinoma	platform_2	10	8053604	8075198	ENSG00000107485
T2	GATA3	1.39396	squamous cell carcinoma	platform_1	10	8053604	8075198	ENSG00000107485
T12	GATA3	0.00451789	adenocarcinoma	platform_1	10	8053604	8075198	ENSG00000107485
T4	GATA3	0.561497	squamous cell carcinoma	platform_1	10	8053604	8075198	ENSG00000107485
T10	GATA3	0.524527	adenocarcinoma	platform_1	10	8053604	8075198	ENSG00000107485
T10	GATA3	0.0154839	adenocarcinoma	platform_2	10	8053604	8075198	ENSG00000107485
T0	GATA3	-0.104351	adenocarcinoma	platform_1	10	8053604	8075198	ENSG00000107485
T9	GATA3	-0.639847	colon carcinoma	platform_1	10	8053604	8075198	ENSG00000107485
T5	GATA3	-0.453536	adenocarcinoma	platform_2	10	8053604	8075198	ENSG00000107485
T13	GATA3	-0.393374	lung adenocarcinoma	platform_1	10	8053604	8075198	ENSG00000107485
T13	GATA3	-0.482754	lung adenocarcinoma	platform_2	10	8053604	8075198	ENSG00000107485
T13	GATA3	-0.190442	lung adenocarcinoma	platform_1	10	8053604	8075198	ENSG00000107485
T11	GATA3	0.576159	squamous cell carcinoma	platform_1	10	8053604	8075198	ENSG00000107485
T15	HES1	-0.090262	colon carcinoma	platform_1	3	194136145	194138732	ENSG00000114315
T1	HES1	0.758217	squamous cell carcinoma	platform_1	3	194136145	194138732	ENSG00000114315
T7	HES1	-0.338336	adenocarcinoma	platform_1	3	194136145	194138732	ENSG00000114315
T6	HES1	0.298582	lung adenocarcinoma	platform_1	3	194136145	194138732	ENSG00000114315
T14	HES1	0.229878	lung adenocarcinoma	platform_2	3	194136145	194138732	ENSG00000114315
T8	HES1	-0.0781522	lung adenocarcinoma	platform_1	3	194136145	194138732	ENSG00000114315
T3	HES1	0.791402	adenocarcinoma	platform_2	3	194136145	194138732	ENSG00000114315
T2	HES1	-1.29421	squamous cell carcinoma	platform_1	3	194136145	194138732	ENSG00000114315
T12	HES1	0.453713	adenocarcinoma	platform_1	3	194136145	194138732	ENSG00000114315
T4	HES1	1.03925	squamous cell carcinoma	platform_1	3	194136145	194138732	ENSG00000114315
T10	HES1	0.625625	adenocarcinoma	platform_2	3	194136145	194138732	ENSG00000114315
T10	HES1	0.812974	adenocarcinoma	platform_1	3	194136145	194138732	ENSG00000114315
T0	HES1	-1.32262	adenocarcinoma	platform_1	3	194136145	194138732	ENSG00000114315
T9	HES1	0.378194	colon carcinoma	platform_1	3	194136145	194138732	ENSG00000114315
T5	HES1	-0.860387	adenocarcinoma	platform_2	3	194136145	194138732	ENSG00000114315
T13	HES1	0.0486313	lung adenocarcinoma	platform_2	3	194136145	194138732	ENSG00000114315
T13	HES1	0.911685	lung adenocarcinoma	platform_1	3	194136145	194138732	ENSG00000114315
T13	HES1	0.233725	lung adenocarcinoma	platform_1	3	194136145	194138732	ENSG00000114315
T11	HES1	0.924795	squamous cell carcinoma	platform_1	3	194136145	194138732	ENSG00000114315
T15	HIST1H3B	0.938148	colon carcinoma	platform_1	6	26031650	26032060	ENSG00000274267
T1	HIST1H3B	0.83377	squamous cell carcinoma	platform_1	6	26031650	26032060	ENSG00000274267
T7	HIST1H3B	0.557034	adenocarcinoma	platform_1	6	26031650	26032060	ENSG00000274267
T6	HIST1H3B	0.136434	lung adenocarcinoma	platform_1	6	26031650	26032060	ENSG00000274267
T14	HIST1H3B	-1.06364	lung adenocarcinoma	platform_2	6	26031650	26032060	ENSG00000274267
T8	HIST1H3B	-0.667866	lung adenocarcinoma	platform_1	6	26031650	26032060	ENSG00000274267
T3	HIST1H3B	-0.472475	adenocarcinoma	platform_2	6	26031650	26032060	ENSG00000274267
T2	HIST1H3B	0.588682	squamous cell carcinoma	platform_1	6	26031650	26032060	ENSG00000274267
T12	HIST1H3B	-0.372863	adenocarcinoma	platform_1	6	26031650	26032060	ENSG00000274267
T4	HIST1H3B	-0.667866	squamous cell carcinoma	platform_1	6	26031650	26032060	ENSG00000274267
T10	HIST1H3B	0.839841	adenocarcinoma	platform_1	6	26031650	26032060	ENSG00000274267
T10	HIST1H3B	1.07582	adenocarcinoma	platform_2	6	26031650	26032060	ENSG00000274267
T0	HIST1H3B	-0.372863	adenocarcinoma	platform_1	6	26031650	26032060	ENSG00000274267
T9	HIST1H3B	-0.372863	colon carcinoma	platform_1	6	26031650	26032060	ENSG00000274267
T5	HIST1H3B	0.628092	adenocarcinoma	platform_2	6	26031650	26032060	ENSG00000274267
T13	HIST1H3B	0.308057	lung adenocarcinoma	platform_1	6	26031650	26032060	ENSG00000274267
T13	HIST1H3B	-1.0651	lung adenocarcinoma	platform_2	6	26031650	26032060	ENSG00000274267
T13	HIST1H3B	-0.293316	lung adenocarcinoma	platform_1	6	26031650	26032060	ENSG00000274267
T11	HIST1H3B	0.242989	squamous cell carcinoma	platform_1	6	26031650	26032060	ENSG00000274267
T15	HLA-A	0.150177	colon carcinoma	platform_1	6	29941260	29945884	ENSG00000206503
T1	HLA-A	0.270762	squamous cell carcinoma	platform_1	6	29941260	29945884	ENSG00000206503
T7	HLA-A	-0.307132	adenocarcinoma	platform_1	6	29941260	29945884	ENSG00000206503
T6	HLA-A	0.593289	lung adenocarcinoma	platform_1	6	29941260	29945884	ENSG00000206503
T14	HLA-A	0.27146	lung adenocarcinoma	platform_2	6	29941260	29945884	ENSG00000206503
T8	HLA-A	0.39141	lung adenocarcinoma	platform_1	6	29941260	29945884	ENSG00000206503
T3	HLA-A	-0.201883	adenocarcinoma	platform_2	6	29941260	29945884	ENSG00000206503
T2	HLA-A	0.865036	squamous cell carcinoma	platform_1	6	29941260	29945884	ENSG00000206503
T12	HLA-A	-0.451414	adenocarcinoma	platform_1	6	29941260	29945884	ENSG00000206503
T4	HLA-A	0.755197	squamous cell carcinoma	platform_1	6	29941260	29945884	ENSG00000206503
T10	HLA-A	-3.17976	adenocarcinoma	platform_2	6	29941260	29945884	ENSG00000206503
T10	HLA-A	-3.61191	adenocarcinoma	platform_1	6	29941260	29945884	ENSG00000206503
T0	HLA-A	-0.384481	adenocarcinoma	platform_1	6	29941260	29945884	ENSG00000206503
T9	HLA-A	0.533897	colon carcinoma	platform_1	6	29941260	29945884	ENSG00000206503
T5	HLA-A	0.936753	adenocarcinoma	platform_2	6	29941260	29945884	ENSG00000206503
T13	HLA-A	0.614548	lung adenocarcinoma	platform_2	6	29941260	29945884	ENSG00000206503
T13	HLA-A	1.02376	lung adenocarcinoma	platform_1	6	29941260	29945884	ENSG00000206503
T13	HLA-A	0.380008	lung adenocarcinoma	platform_1	6	29941260	29945884	ENSG00000206503
T11	HLA-A	-0.809432	squamous cell carcinoma	platform_1	6	29941260	29945884	ENSG00000206503
T15	HMCN1	-0.531004	colon carcinoma	platform_1	1	185734551	186190949	ENSG00000143341
T1	HMCN1	-0.733509	squamous cell carcinoma	platform_1	1	185734551	186190949	ENSG00000143341
T7	HMCN1	-0.553414	adenocarcinoma	platform_1	1	185734551	186190949	ENSG00000143341
T6	HMCN1	-0.116215	lung adenocarcinoma	platform_1	1	185734551	186190949	ENSG00000143341
T14	HMCN1	-0.563051	lung adenocarcinoma	platform_2	1	185734551	186190949	ENSG00000143341
T8	HMCN1	-0.402188	lung adenocarcinoma	platform_1	1	185734551	186190949	ENSG00000143341
T3	HMCN1	-0.58493	adenocarcinoma	platform_2	1	185734551	186190949	ENSG00000143341
T2	HMCN1	-0.586075	squamous cell carcinoma	platform_1	1	185734551	186190949	ENSG00000143341
T12	HMCN1	0.443933	adenocarcinoma	platform_1	1	185734551	186190949	ENSG00000143341
T4	HMCN1	1.06225	squamous cell carcinoma	platform_1	1	185734551	186190949	ENSG00000143341
T10	HMCN1	-0.0477408	adenocarcinoma	platform_1	1	185734551	186190949	ENSG00000143341
T10	HMCN1	-0.121534	adenocarcinoma	platform_2	1	185734551	186190949	ENSG00000143341
T0	HMCN1	-0.465324	adenocarcinoma	platform_1	1	185734551	186190949	ENSG00000143341
T9	HMCN1	-0.311703	colon carcinoma	platform_1	1	185734551	186190949	ENSG00000143341
T5	HMCN1	-0.608385	adenocarcinoma	platform_2	1	185734551	186190949	ENSG00000143341
T13	HMCN1	-0.137276	lung adenocarcinoma	platform_1	1	185734551	186190949	ENSG00000143341
T13	HMCN1	-0.383858	lung adenocarcinoma	platform_2	1	185734551	186190949	ENSG00000143341
T13	HMCN1	-0.159893	lung adenocarcinoma	platform_1	1	185734551	186190949	ENSG00000143341
T11	HMCN1	-0.19831	squamous cell carcinoma	platform_1	1	185734551	186190949	ENSG00000143341
T15	ID1	1.45795	colon carcinoma	platform_1	20	31605283	31606515	ENSG00000125968
T1	ID1	1.12359	squamous cell carcinoma	platform_1	20	31605283	31606515	ENSG00000125968
T7	ID1	0.4667	adenocarcinoma	platform_1	20	31605283	31606515	ENSG00000125968
T6	ID1	-1.41205	lung adenocarcinoma	platform_1	20	31605283	31606515	ENSG00000125968
T14	ID1	-1.45834	lung adenocarcinoma	platform_2	20	31605283	31606515	ENSG00000125968
T8	ID1	0.414246	lung adenocarcinoma	platform_1	20	31605283	31606515	ENSG00000125968
T3	ID1	-0.281613	adenocarcinoma	platform_2	20	31605283	31606515	ENSG00000125968
T2	ID1	-1.05653	squamous cell carcinoma	platform_1	20	31605283	31606515	ENSG00000125968
T12	ID1	0.165289	adenocarcinoma	platform_1	20	31605283	31606515	ENSG00000125968
T4	ID1	0.197942	squamous cell carcinoma	platform_1	20	31605283	31606515	ENSG00000125968
T10	ID1	1.10256	adenocarcinoma	platform_1	20	31605283	31606515	ENSG00000125968
T10	ID1	0.927739	adenocarcinoma	platform_2	20	31605283	31606515	ENSG00000125968
T0	ID1	-0.758627	adenocarcinoma	platform_1	20	31605283	31606515	ENSG00000125968
T9	ID1	-0.99317	colon carcinoma	platform_1	20	31605283	31606515	ENSG00000125968
T5	ID1	-0.888521	adenocarcinoma	platform_2	20	31605283	31606515	ENSG00000125968
T13	ID1	0.927615	lung adenocarcinoma	platform_1	20	31605283	31606515	ENSG00000125968
T13	ID1	0.685286	lung adenocarcinoma	platform_1	20	31605283	31606515	ENSG00000125968
T13	ID1	0.77303	lung adenocarcinoma	platform_2	20	31605283	31606515	ENSG00000125968
T11	ID1	1.03213	squamous cell carcinoma	platform_1	20	31605283	31606515	ENSG00000125968
T15	IDH1	0.206305	colon carcinoma	platform_1	2	208236227	208266074	ENSG00000138413
T1	IDH1	-0.771099	squamous cell carcinoma	platform_1	2	208236227	208266074	ENSG00000138413
T7	IDH1	0.658091	adenocarcinoma	platform_1	2	208236227	208266074	ENSG00000138413
T6	IDH1	0.147791	lung adenocarcinoma	platform_1	2	208236227	208266074	ENSG00000138413
T14	IDH1	-0.690361	lung adenocarcinoma	platform_2	2	208236227	208266074	ENSG00000138413
T8	IDH1	0.861789	lung adenocarcinoma	platform_1	2	208236227	208266074	ENSG00000138413
T3	IDH1	1.23428	adenocarcinoma	platform_2	2	208236227	208266074	ENSG00000138413
T2	IDH1	-0.924522	squamous cell carcinoma	platform_1	2	208236227	208266074	ENSG00000138413
T12	IDH1	0.563965	adenocarcinoma	platform_1	2	208236227	208266074	ENSG00000138413
T4	IDH1	-0.488032	squamous cell carcinoma	platform_1	2	208236227	208266074	ENSG00000138413
T10	IDH1	0.893078	adenocarcinoma	platform_2	2	208236227	208266074	ENSG00000138413
T10	IDH1	0.822436	adenocarcinoma	platform_1	2	208236227	208266074	ENSG00000138413
T0	IDH1	0.267638	adenocarcinoma	platform_1	2	208236227	208266074	ENSG00000138413
T9	IDH1	0.65651	colon carcinoma	platform_1	2	208236227	208266074	ENSG00000138413
T5	IDH1	0.0244022	adenocarcinoma	platform_2	2	208236227	208266074	ENSG00000138413
T13	IDH1	1.03648	lung adenocarcinoma	platform_1	2	208236227	208266074	ENSG00000138413
T13	IDH1	0.586958	lung adenocarcinoma	platform_2	2	208236227	208266074	ENSG00000138413
T13	IDH1	0.828172	lung adenocarcinoma	platform_1	2	208236227	208266074	ENSG00000138413
T11	IDH1	1.31017	squamous cell carcinoma	platform_1	2	208236227	208266074	ENSG00000138413
T15	IGF1R	-0.476907	colon carcinoma	platform_1	15	98648971	98964530	ENSG00000140443
T1	IGF1R	1.05552	squamous cell carcinoma	platform_1	15	98648971	98964530	ENSG00000140443
T7	IGF1R	-0.125535	adenocarcinoma	platform_1	15	98648971	98964530	ENSG00000140443
T6	IGF1R	-0.536019	lung adenocarcinoma	platform_1	15	98648971	98964530	ENSG00000140443
T14	IGF1R	-0.243649	lung adenocarcinoma	platform_2	15	98648971	98964530	ENSG00000140443
T8	IGF1R	0.728416	lung adenocarcinoma	platform_1	15	98648971	98964530	ENSG00000140443
T3	IGF1R	-1.4208	adenocarcinoma	platform_2	15	98648971	98964530	ENSG00000140443
T2	IGF1R	0.631617	squamous cell carcinoma	platform_1	15	98648971	98964530	ENSG00000140443
T12	IGF1R	0.41889	adenocarcinoma	platform_1	15	98648971	98964530	ENSG00000140443
T4	IGF1R	0.867583	squamous cell carcinoma	platform_1	15	98648971	98964530	ENSG00000140443
T10	IGF1R	-1.53704	adenocarcinoma	platform_2	15	98648971	98964530	ENSG00000140443
T10	IGF1R	-1.26711	adenocarcinoma	platform_1	15	98648971	98964530	ENSG00000140443
T0	IGF1R	0.280583	adenocarcinoma	platform_1	15	98648971	98964530	ENSG00000140443
T9	IGF1R	0.144902	colon carcinoma	platform_1	15	98648971	98964530	ENSG00000140443
T5	IGF1R	-1.71526	adenocarcinoma	platform_2	15	98648971	98964530	ENSG00000140443
T13	IGF1R	0.431598	lung adenocarcinoma	platform_1	15	98648971	98964530	ENSG00000140443
T13	IGF1R	0.439998	lung adenocarcinoma	platform_1	15	98648971	98964530	ENSG00000140443
T13	IGF1R	0.609621	lung adenocarcinoma	platform_2	15	98648971	98964530	ENSG00000140443
T11	IGF1R	0.91666	squamous cell carcinoma	platform_1	15	98648971	98964530	ENSG00000140443
T15	JMJD6	0.0581277	colon carcinoma	platform_1	17	76712832	76726799	ENSG00000070495
T1	JMJD6	-0.511571	squamous cell carcinoma	platform_1	17	76712832	76726799	ENSG00000070495
T7	JMJD6	0.0350381	adenocarcinoma	platform_1	17	76712832	76726799	ENSG00000070495
T6	JMJD6	-1.37291	lung adenocarcinoma	platform_1	17	76712832	76726799	ENSG00000070495
T14	JMJD6	1.14352	lung adenocarcinoma	platform_2	17	76712832	76726799	ENSG00000070495
T8	JMJD6	0.744716	lung adenocarcinoma	platform_1	17	76712832	76726799	ENSG00000070495
T3	JMJD6	-0.0949515	adenocarcinoma	platform_2	17	76712832	76726799	ENSG00000070495
T2	JMJD6	0.63816	squamous cell carcinoma	platform_1	17	76712832	76726799	ENSG00000070495
T12	JMJD6	-0.903934	adenocarcinoma	platform_1	17	76712832	76726799	ENSG00000070495
T4	JMJD6	0.0244909	squamous cell carcinoma	platform_1	17	76712832	76726799	ENSG00000070495
T10	JMJD6	0.551062	adenocarcinoma	platform_1	17	76712832	76726799	ENSG00000070495
T10	JMJD6	0.565023	adenocarcinoma	platform_2	17	76712832	76726799	ENSG00000070495
T0	JMJD6	-0.480874	adenocarcinoma	platform_1	17	76712832	76726799	ENSG00000070495
T9	JMJD6	-1.30764	colon carcinoma	platform_1	17	76712832	76726799	ENSG00000070495
T5	JMJD6	0.454936	adenocarcinoma	platform_2	17	76712832	76726799	ENSG00000070495
T13	JMJD6	-0.238489	lung adenocarcinoma	platform_2	17	76712832	76726799	ENSG00000070495
T13	JMJD6	-0.331386	lung adenocarcinoma	platform_1	17	76712832	76726799	ENSG00000070495
T13	JMJD6	0.45964	lung adenocarcinoma	platform_1	17	76712832	76726799	ENSG00000070495
T11	JMJD6	0.416306	squamous cell carcinoma	platform_1	17	76712832	76726799	ENSG00000070495
T15	KDM4C	0.250758	colon carcinoma	platform_1	9	6757641	7175648	ENSG00000107077
T1	KDM4C	1.34037	squamous cell carcinoma	platform_1	9	6757641	7175648	ENSG00000107077
T7	KDM4C	1.78383	adenocarcinoma	platform_1	9	6757641	7175648	ENSG00000107077
T6	KDM4C	0.692421	lung adenocarcinoma	platform_1	9	6757641	7175648	ENSG00000107077
T14	KDM4C	-0.391823	lung adenocarcinoma	platform_2	9	6757641	7175648	ENSG00000107077
T8	KDM4C	-0.343099	lung adenocarcinoma	platform_1	9	6757641	7175648	ENSG00000107077
T3	KDM4C	1.74016	adenocarcinoma	platform_2	9	6757641	7175648	ENSG00000107077
T2	KDM4C	1.03333	squamous cell carcinoma	platform_1	9	6757641	7175648	ENSG00000107077
T12	KDM4C	1.24348	adenocarcinoma	platform_1	9	6757641	7175648	ENSG00000107077
T4	KDM4C	0.887831	squamous cell carcinoma	platform_1	9	6757641	7175648	ENSG00000107077
T10	KDM4C	0.584938	adenocarcinoma	platform_1	9	6757641	7175648	ENSG00000107077
T10	KDM4C	0.674011	adenocarcinoma	platform_2	9	6757641	7175648	ENSG00000107077
T0	KDM4C	-0.87697	adenocarcinoma	platform_1	9	6757641	7175648	ENSG00000107077
T9	KDM4C	1.02021	colon carcinoma	platform_1	9	6757641	7175648	ENSG00000107077
T5	KDM4C	0.787995	adenocarcinoma	platform_2	9	6757641	7175648	ENSG00000107077
T13	KDM4C	-0.805973	lung adenocarcinoma	platform_1	9	6757641	7175648	ENSG00000107077
T13	KDM4C	-0.735617	lung adenocarcinoma	platform_2	9	6757641	7175648	ENSG00000107077
T13	KDM4C	-1.05887	lung adenocarcinoma	platform_1	9	6757641	7175648	ENSG00000107077
T11	KDM4C	0.245222	squamous cell carcinoma	platform_1	9	6757641	7175648	ENSG00000107077
T15	KDM4D	-1.29025	colon carcinoma	platform_1	11	94973681	94999518	ENSG00000186280
T1	KDM4D	1.11628	squamous cell carcinoma	platform_1	11	94973681	94999518	ENSG00000186280
T7	KDM4D	-0.751796	adenocarcinoma	platform_1	11	94973681	94999518	ENSG00000186280
T6	KDM4D	0.803479	lung adenocarcinoma	platform_1	11	94973681	94999518	ENSG00000186280
T14	KDM4D	-0.0882955	lung adenocarcinoma	platform_2	11	94973681	94999518	ENSG00000186280
T8	KDM4D	1.2095	lung adenocarcinoma	platform_1	11	94973681	94999518	ENSG00000186280
T3	KDM4D	-1.71026	adenocarcinoma	platform_2	11	94973681	94999518	ENSG00000186280
T2	KDM4D	1.27743	squamous cell carcinoma	platform_1	11	94973681	94999518	ENSG00000186280
T12	KDM4D	-0.015371	adenocarcinoma	platform_1	11	94973681	94999518	ENSG00000186280
T4	KDM4D	-0.0419472	squamous cell carcinoma	platform_1	11	94973681	94999518	ENSG00000186280
T10	KDM4D	0.226883	adenocarcinoma	platform_1	11	94973681	94999518	ENSG00000186280
T10	KDM4D	-0.683945	adenocarcinoma	platform_2	11	94973681	94999518	ENSG00000186280
T0	KDM4D	-0.763684	adenocarcinoma	platform_1	11	94973681	94999518	ENSG00000186280
T9	KDM4D	-1.55838	colon carcinoma	platform_1	11	94973681	94999518	ENSG00000186280
T5	KDM4D	-1.47834	adenocarcinoma	platform_2	11	94973681	94999518	ENSG00000186280
T13	KDM4D	0.192588	lung adenocarcinoma	platform_1	11	94973681	94999518	ENSG00000186280
T13	KDM4D	-0.332248	lung adenocarcinoma	platform_2	11	94973681	94999518	ENSG00000186280
T13	KDM4D	0.626153	lung adenocarcinoma	platform_1	11	94973681	94999518	ENSG00000186280
T11	KDM4D	1.02548	squamous cell carcinoma	platform_1	11	94973681	94999518	ENSG00000186280
T15	KDM6A	-0.867791	colon carcinoma	platform_1	X	44873177	45112602	ENSG00000147050
T1	KDM6A	0.883659	squamous cell carcinoma	platform_1	X	44873177	45112602	ENSG00000147050
T7	KDM6A	-1.4802	adenocarcinoma	platform_1	X	44873177	45112602	ENSG00000147050
T6	KDM6A	1.06563	lung adenocarcinoma	platform_1	X	44873177	45112602	ENSG00000147050
T14	KDM6A	-1.64824	lung adenocarcinoma	platform_2	X	44873177	45112602	ENSG00000147050
T8	KDM6A	-0.189474	lung adenocarcinoma	platform_1	X	44873177	45112602	ENSG00000147050
T3	KDM6A	-0.923174	adenocarcinoma	platform_2	X	44873177	45112602	ENSG00000147050
T2	KDM6A	1.06021	squamous cell carcinoma	platform_1	X	44873177	45112602	ENSG00000147050
T12	KDM6A	1.6491	adenocarcinoma	platform_1	X	44873177	45112602	ENSG00000147050
T4	KDM6A	0.152221	squamous cell carcinoma	platform_1	X	44873177	45112602	ENSG00000147050
T10	KDM6A	0.325167	adenocarcinoma	platform_1	X	44873177	45112602	ENSG00000147050
T10	KDM6A	0.429367	adenocarcinoma	platform_2	X	44873177	45112602	ENSG00000147050
T0	KDM6A	-1.92458	adenocarcinoma	platform_1	X	44873177	45112602	ENSG00000147050
T9	KDM6A	-0.43046	colon carcinoma	platform_1	X	44873177	45112602	ENSG00000147050
T5	KDM6A	-0.00953191	adenocarcinoma	platform_2	X	44873177	45112602	ENSG00000147050
T13	KDM6A	-0.117705	lung adenocarcinoma	platform_1	X	44873177	45112602	ENSG00000147050
T13	KDM6A	-0.670716	lung adenocarcinoma	platform_2	X	44873177	45112602	ENSG00000147050
T13	KDM6A	-0.598014	lung adenocarcinoma	platform_1	X	44873177	45112602	ENSG00000147050
T11	KDM6A	0.356644	squamous cell carcinoma	platform_1	X	44873177	45112602	ENSG00000147050
T15	LRP1B	-0.417275	colon carcinoma	platform_1	2	140231423	142131701	ENSG00000168702
T1	LRP1B	0.129506	squamous cell carcinoma	platform_1	2	140231423	142131701	ENSG00000168702
T7	LRP1B	-0.266837	adenocarcinoma	platform_1	2	140231423	142131701	ENSG00000168702
T6	LRP1B	-0.0362326	lung adenocarcinoma	platform_1	2	140231423	142131701	ENSG00000168702
T14	LRP1B	-0.704188	lung adenocarcinoma	platform_2	2	140231423	142131701	ENSG00000168702
T8	LRP1B	-0.161739	lung adenocarcinoma	platform_1	2	140231423	142131701	ENSG00000168702
T3	LRP1B	-0.346403	adenocarcinoma	platform_2	2	140231423	142131701	ENSG00000168702
T2	LRP1B	-0.140106	squamous cell carcinoma	platform_1	2	140231423	142131701	ENSG00000168702
T12	LRP1B	-0.683951	adenocarcinoma	platform_1	2	140231423	142131701	ENSG00000168702
T4	LRP1B	1.20321	squamous cell carcinoma	platform_1	2	140231423	142131701	ENSG00000168702
T10	LRP1B	-0.346146	adenocarcinoma	platform_2	2	140231423	142131701	ENSG00000168702
T10	LRP1B	-0.415072	adenocarcinoma	platform_1	2	140231423	142131701	ENSG00000168702
T0	LRP1B	-0.126378	adenocarcinoma	platform_1	2	140231423	142131701	ENSG00000168702
T9	LRP1B	-0.683951	colon carcinoma	platform_1	2	140231423	142131701	ENSG00000168702
T5	LRP1B	-0.507931	adenocarcinoma	platform_2	2	140231423	142131701	ENSG00000168702
T13	LRP1B	1.34862	lung adenocarcinoma	platform_1	2	140231423	142131701	ENSG00000168702
T13	LRP1B	1.58517	lung adenocarcinoma	platform_1	2	140231423	142131701	ENSG00000168702
T13	LRP1B	0.349936	lung adenocarcinoma	platform_2	2	140231423	142131701	ENSG00000168702
T11	LRP1B	1.87959	squamous cell carcinoma	platform_1	2	140231423	142131701	ENSG00000168702
T15	MAP2K4	-1.82851	colon carcinoma	platform_1	17	12020824	12143830	ENSG00000065559
T1	MAP2K4	0.768803	squamous cell carcinoma	platform_1	17	12020824	12143830	ENSG00000065559
T7	MAP2K4	-1.80169	adenocarcinoma	platform_1	17	12020824	12143830	ENSG00000065559
T6	MAP2K4	0.837641	lung adenocarcinoma	platform_1	17	12020824	12143830	ENSG00000065559
T14	MAP2K4	-0.169191	lung adenocarcinoma	platform_2	17	12020824	12143830	ENSG00000065559
T8	MAP2K4	2.78199	lung adenocarcinoma	platform_1	17	12020824	12143830	ENSG00000065559
T3	MAP2K4	1.04684	adenocarcinoma	platform_2	17	12020824	12143830	ENSG00000065559
T2	MAP2K4	0.547266	squamous cell carcinoma	platform_1	17	12020824	12143830	ENSG00000065559
T12	MAP2K4	0.305066	adenocarcinoma	platform_1	17	12020824	12143830	ENSG00000065559
T4	MAP2K4	1.3743	squamous cell carcinoma	platform_1	17	12020824	12143830	ENSG00000065559
T10	MAP2K4	0.860075	adenocarcinoma	platform_1	17	12020824	12143830	ENSG00000065559
T10	MAP2K4	0.614781	adenocarcinoma	platform_2	17	12020824	12143830	ENSG00000065559
T0	MAP2K4	-1.14358	adenocarcinoma	platform_1	17	12020824	12143830	ENSG00000065559
T9	MAP2K4	-0.239533	colon carcinoma	platform_1	17	12020824	12143830	ENSG00000065559
T5	MAP2K4	-0.349949	adenocarcinoma	platform_2	17	12020824	12143830	ENSG00000065559
T13	MAP2K4	-0.129833	lung adenocarcinoma	platform_1	17	12020824	12143830	ENSG00000065559
T13	MAP2K4	-0.125433	lung adenocarcinoma	platform_2	17	12020824	12143830	ENSG00000065559
T13	MAP2K4	-0.203119	lung adenocarcinoma	platform_1	17	12020824	12143830	ENSG00000065559
T11	MAP2K4	-0.176225	squamous cell carcinoma	platform_1	17	12020824	12143830	ENSG00000065559
T15	MED23	0.0613038	colon carcinoma	platform_1	6	131573966	131628229	ENSG00000112282
T1	MED23	0.740178	squamous cell carcinoma	platform_1	6	131573966	131628229	ENSG00000112282
T7	MED23	-0.940377	adenocarcinoma	platform_1	6	131573966	131628229	ENSG00000112282
T6	MED23	1.24657	lung adenocarcinoma	platform_1	6	131573966	131628229	ENSG00000112282
T14	MED23	0.631875	lung adenocarcinoma	platform_2	6	131573966	131628229	ENSG00000112282
T8	MED23	-0.175402	lung adenocarcinoma	platform_1	6	131573966	131628229	ENSG00000112282
T3	MED23	0.908271	adenocarcinoma	platform_2	6	131573966	131628229	ENSG00000112282
T2	MED23	1.25623	squamous cell carcinoma	platform_1	6	131573966	131628229	ENSG00000112282
T12	MED23	0.266428	adenocarcinoma	platform_1	6	131573966	131628229	ENSG00000112282
T4	MED23	0.230095	squamous cell carcinoma	platform_1	6	131573966	131628229	ENSG00000112282
T10	MED23	0.979248	adenocarcinoma	platform_2	6	131573966	131628229	ENSG00000112282
T10	MED23	-0.632924	adenocarcinoma	platform_1	6	131573966	131628229	ENSG00000112282
T0	MED23	-2.59067	adenocarcinoma	platform_1	6	131573966	131628229	ENSG00000112282
T9	MED23	0.133396	colon carcinoma	platform_1	6	131573966	131628229	ENSG00000112282
T5	MED23	0.634974	adenocarcinoma	platform_2	6	131573966	131628229	ENSG00000112282
T13	MED23	-1.10724	lung adenocarcinoma	platform_2	6	131573966	131628229	ENSG00000112282
T13	MED23	-1.00825	lung adenocarcinoma	platform_1	6	131573966	131628229	ENSG00000112282
T13	MED23	-0.348334	lung adenocarcinoma	platform_1	6	131573966	131628229	ENSG00000112282
T11	MED23	-0.770649	squamous cell carcinoma	platform_1	6	131573966	131628229	ENSG00000112282
T15	MLH1	-0.0439229	colon carcinoma	platform_1	3	36993332	37050918	ENSG00000076242
T1	MLH1	-0.692732	squamous cell carcinoma	platform_1	3	36993332	37050918	ENSG00000076242
T7	MLH1	0.127203	adenocarcinoma	platform_1	3	36993332	37050918	ENSG00000076242
T6	MLH1	-0.569915	lung adenocarcinoma	platform_1	3	36993332	37050918	ENSG00000076242
T14	MLH1	-0.326904	lung adenocarcinoma	platform_2	3	36993332	37050918	ENSG00000076242
T8	MLH1	0.0141401	lung adenocarcinoma	platform_1	3	36993332	37050918	ENSG00000076242
T3	MLH1	-3.39069	adenocarcinoma	platform_2	3	36993332	37050918	ENSG00000076242
T2	MLH1	1.28115	squamous cell carcinoma	platform_1	3	36993332	37050918	ENSG00000076242
T12	MLH1	-0.627152	adenocarcinoma	platform_1	3	36993332	37050918	ENSG00000076242
T4	MLH1	-0.251113	squamous cell carcinoma	platform_1	3	36993332	37050918	ENSG00000076242
T10	MLH1	0.0565019	adenocarcinoma	platform_1	3	36993332	37050918	ENSG00000076242
T10	MLH1	0.211139	adenocarcinoma	platform_2	3	36993332	37050918	ENSG00000076242
T0	MLH1	-0.151193	adenocarcinoma	platform_1	3	36993332	37050918	ENSG00000076242
T9	MLH1	0.0980949	colon carcinoma	platform_1	3	36993332	37050918	ENSG00000076242
T5	MLH1	-0.796296	adenocarcinoma	platform_2	3	36993332	37050918	ENSG00000076242
T13	MLH1	-0.3806	lung adenocarcinoma	platform_2	3	36993332	37050918	ENSG00000076242
T13	MLH1	-0.0401149	lung adenocarcinoma	platform_1	3	36993332	37050918	ENSG00000076242
T13	MLH1	0.123186	lung adenocarcinoma	platform_1	3	36993332	37050918	ENSG00000076242
T11	MLH1	-0.205332	squamous cell carcinoma	platform_1	3	36993332	37050918	ENSG00000076242
T15	MSH2	-0.766062	colon carcinoma	platform_1	2	47402969	47562311	ENSG00000095002
T1	MSH2	0.609538	squamous cell carcinoma	platform_1	2	47402969	47562311	ENSG00000095002
T7	MSH2	0.0500227	adenocarcinoma	platform_1	2	47402969	47562311	ENSG00000095002
T6	MSH2	0.630656	lung adenocarcinoma	platform_1	2	47402969	47562311	ENSG00000095002
T14	MSH2	0.0389888	lung adenocarcinoma	platform_2	2	47402969	47562311	ENSG00000095002
T8	MSH2	-0.555163	lung adenocarcinoma	platform_1	2	47402969	47562311	ENSG00000095002
T3	MSH2	-0.123158	adenocarcinoma	platform_2	2	47402969	47562311	ENSG00000095002
T2	MSH2	1.21149	squamous cell carcinoma	platform_1	2	47402969	47562311	ENSG00000095002
T12	MSH2	0.0993758	adenocarcinoma	platform_1	2	47402969	47562311	ENSG00000095002
T4	MSH2	-1.06819	squamous cell carcinoma	platform_1	2	47402969	47562311	ENSG00000095002
T10	MSH2	-5.94852	adenocarcinoma	platform_1	2	47402969	47562311	ENSG00000095002
T10	MSH2	-4.0208	adenocarcinoma	platform_2	2	47402969	47562311	ENSG00000095002
T0	MSH2	-0.602528	adenocarcinoma	platform_1	2	47402969	47562311	ENSG00000095002
T9	MSH2	0.230767	colon carcinoma	platform_1	2	47402969	47562311	ENSG00000095002
T5	MSH2	0.517816	adenocarcinoma	platform_2	2	47402969	47562311	ENSG00000095002
T13	MSH2	-1.3374	lung adenocarcinoma	platform_1	2	47402969	47562311	ENSG00000095002
T13	MSH2	-1.21656	lung adenocarcinoma	platform_2	2	47402969	47562311	ENSG00000095002
T13	MSH2	-1.21256	lung adenocarcinoma	platform_1	2	47402969	47562311	ENSG00000095002
T11	MSH2	-0.513941	squamous cell carcinoma	platform_1	2	47402969	47562311	ENSG00000095002
T15	MUC17	1.64202	colon carcinoma	platform_1	7	101020072	101058745	ENSG00000169876
T1	MUC17	0.0252761	squamous cell carcinoma	platform_1	7	101020072	101058745	ENSG00000169876
T7	MUC17	0.822616	adenocarcinoma	platform_1	7	101020072	101058745	ENSG00000169876
T6	MUC17	-0.657851	lung adenocarcinoma	platform_1	7	101020072	101058745	ENSG00000169876
T14	MUC17	-0.278592	lung adenocarcinoma	platform_2	7	101020072	101058745	ENSG00000169876
T8	MUC17	-0.354913	lung adenocarcinoma	platform_1	7	101020072	101058745	ENSG00000169876
T3	MUC17	3.5696	adenocarcinoma	platform_2	7	101020072	101058745	ENSG00000169876
T2	MUC17	0.201133	squamous cell carcinoma	platform_1	7	101020072	101058745	ENSG00000169876
T12	MUC17	0.88641	adenocarcinoma	platform_1	7	101020072	101058745	ENSG00000169876
T4	MUC17	-0.354913	squamous cell carcinoma	platform_1	7	101020072	101058745	ENSG00000169876
T10	MUC17	-0.402236	adenocarcinoma	platform_2	7	101020072	101058745	ENSG00000169876
T10	MUC17	-0.354913	adenocarcinoma	platform_1	7	101020072	101058745	ENSG00000169876
T0	MUC17	1.33141	adenocarcinoma	platform_1	7	101020072	101058745	ENSG00000169876
T9	MUC17	2.31868	colon carcinoma	platform_1	7	101020072	101058745	ENSG00000169876
T5	MUC17	2.1457	adenocarcinoma	platform_2	7	101020072	101058745	ENSG00000169876
T13	MUC17	-0.176395	lung adenocarcinoma	platform_1	7	101020072	101058745	ENSG00000169876
T13	MUC17	-0.294227	lung adenocarcinoma	platform_2	7	101020072	101058745	ENSG00000169876
T13	MUC17	-0.657851	lung adenocarcinoma	platform_1	7	101020072	101058745	ENSG00000169876
T11	MUC17	-0.354913	squamous cell carcinoma	platform_1	7	101020072	101058745	ENSG00000169876
T15	MUC4	-0.156053	colon carcinoma	platform_1	3	195746765	195812277	ENSG00000145113
T1	MUC4	1.14792	squamous cell carcinoma	platform_1	3	195746765	195812277	ENSG00000145113
T7	MUC4	1.00339	adenocarcinoma	platform_1	3	195746765	195812277	ENSG00000145113
T6	MUC4	-0.06477	lung adenocarcinoma	platform_1	3	195746765	195812277	ENSG00000145113
T14	MUC4	-0.584081	lung adenocarcinoma	platform_2	3	195746765	195812277	ENSG00000145113
T8	MUC4	2.45368	lung adenocarcinoma	platform_1	3	195746765	195812277	ENSG00000145113
T3	MUC4	3.6227	adenocarcinoma	platform_2	3	195746765	195812277	ENSG00000145113
T2	MUC4	-0.733843	squamous cell carcinoma	platform_1	3	195746765	195812277	ENSG00000145113
T12	MUC4	-0.0209013	adenocarcinoma	platform_1	3	195746765	195812277	ENSG00000145113
T4	MUC4	-0.677058	squamous cell carcinoma	platform_1	3	195746765	195812277	ENSG00000145113
T10	MUC4	-1.26903	adenocarcinoma	platform_1	3	195746765	195812277	ENSG00000145113
T10	MUC4	-0.524705	adenocarcinoma	platform_2	3	195746765	195812277	ENSG00000145113
T0	MUC4	0.898494	adenocarcinoma	platform_1	3	195746765	195812277	ENSG00000145113
T9	MUC4	-0.733843	colon carcinoma	platform_1	3	195746765	195812277	ENSG00000145113
T5	MUC4	0.53414	adenocarcinoma	platform_2	3	195746765	195812277	ENSG00000145113
T13	MUC4	1.77701	lung adenocarcinoma	platform_1	3	195746765	195812277	ENSG00000145113
T13	MUC4	2.3031	lung adenocarcinoma	platform_2	3	195746765	195812277	ENSG00000145113
T13	MUC4	1.4692	lung adenocarcinoma	platform_1	3	195746765	195812277	ENSG00000145113
T11	MUC4	0.198434	squamous cell carcinoma	platform_1	3	195746765	195812277	ENSG00000145113
T15	NKAIN4	-0.606517	colon carcinoma	platform_1	20	63240784	63272694	ENSG00000101198
T1	NKAIN4	-0.606517	squamous cell carcinoma	platform_1	20	63240784	63272694	ENSG00000101198
T7	NKAIN4	-0.18748	adenocarcinoma	platform_1	20	63240784	63272694	ENSG00000101198
T6	NKAIN4	-0.606517	lung adenocarcinoma	platform_1	20	63240784	63272694	ENSG00000101198
T14	NKAIN4	-0.433163	lung adenocarcinoma	platform_2	20	63240784	63272694	ENSG00000101198
T8	NKAIN4	2.35265	lung adenocarcinoma	platform_1	20	63240784	63272694	ENSG00000101198
T3	NKAIN4	-0.389306	adenocarcinoma	platform_2	20	63240784	63272694	ENSG00000101198
T2	NKAIN4	-0.606517	squamous cell carcinoma	platform_1	20	63240784	63272694	ENSG00000101198
T12	NKAIN4	0.0313341	adenocarcinoma	platform_1	20	63240784	63272694	ENSG00000101198
T4	NKAIN4	1.20739	squamous cell carcinoma	platform_1	20	63240784	63272694	ENSG00000101198
T10	NKAIN4	-0.520959	adenocarcinoma	platform_2	20	63240784	63272694	ENSG00000101198
T10	NKAIN4	-0.43204	adenocarcinoma	platform_1	20	63240784	63272694	ENSG00000101198
T0	NKAIN4	0.358181	adenocarcinoma	platform_1	20	63240784	63272694	ENSG00000101198
T9	NKAIN4	0.417299	colon carcinoma	platform_1	20	63240784	63272694	ENSG00000101198
T5	NKAIN4	-0.151383	adenocarcinoma	platform_2	20	63240784	63272694	ENSG00000101198
T13	NKAIN4	0.150759	lung adenocarcinoma	platform_1	20	63240784	63272694	ENSG00000101198
T13	NKAIN4	-0.465555	lung adenocarcinoma	platform_2	20	63240784	63272694	ENSG00000101198
T13	NKAIN4	0.320922	lung adenocarcinoma	platform_1	20	63240784	63272694	ENSG00000101198
T11	NKAIN4	0.243189	squamous cell carcinoma	platform_1	20	63240784	63272694	ENSG00000101198
T15	NOTCH3	-1.60207	colon carcinoma	platform_1	19	15159038	15200981	ENSG00000074181
T1	NOTCH3	0.974931	squamous cell carcinoma	platform_1	19	15159038	15200981	ENSG00000074181
T7	NOTCH3	-0.199674	adenocarcinoma	platform_1	19	15159038	15200981	ENSG00000074181
T6	NOTCH3	0.383271	lung adenocarcinoma	platform_1	19	15159038	15200981	ENSG00000074181
T14	NOTCH3	0.463891	lung adenocarcinoma	platform_2	19	15159038	15200981	ENSG00000074181
T8	NOTCH3	0.607239	lung adenocarcinoma	platform_1	19	15159038	15200981	ENSG00000074181
T3	NOTCH3	-0.72572	adenocarcinoma	platform_2	19	15159038	15200981	ENSG00000074181
T2	NOTCH3	-1.8347	squamous cell carcinoma	platform_1	19	15159038	15200981	ENSG00000074181
T12	NOTCH3	-0.703524	adenocarcinoma	platform_1	19	15159038	15200981	ENSG00000074181
T4	NOTCH3	1.25845	squamous cell carcinoma	platform_1	19	15159038	15200981	ENSG00000074181
T10	NOTCH3	-0.805306	adenocarcinoma	platform_1	19	15159038	15200981	ENSG00000074181
T10	NOTCH3	-0.886518	adenocarcinoma	platform_2	19	15159038	15200981	ENSG00000074181
T0	NOTCH3	-1.19239	adenocarcinoma	platform_1	19	15159038	15200981	ENSG00000074181
T9	NOTCH3	-1.74525	colon carcinoma	platform_1	19	15159038	15200981	ENSG00000074181
T5	NOTCH3	-0.943449	adenocarcinoma	platform_2	19	15159038	15200981	ENSG00000074181
T13	NOTCH3	0.578097	lung adenocarcinoma	platform_1	19	15159038	15200981	ENSG00000074181
T13	NOTCH3	0.423006	lung adenocarcinoma	platform_2	19	15159038	15200981	ENSG00000074181
T13	NOTCH3	0.629882	lung adenocarcinoma	platform_1	19	15159038	15200981	ENSG00000074181
T11	NOTCH3	1.5352	squamous cell carcinoma	platform_1	19	15159038	15200981	ENSG00000074181
T15	NTRK2	-1.73305	colon carcinoma	platform_1	9	84668551	85027070	ENSG00000148053
T1	NTRK2	2.03203	squamous cell carcinoma	platform_1	9	84668551	85027070	ENSG00000148053
T7	NTRK2	0.964988	adenocarcinoma	platform_1	9	84668551	85027070	ENSG00000148053
T6	NTRK2	0.19508	lung adenocarcinoma	platform_1	9	84668551	85027070	ENSG00000148053
T14	NTRK2	-0.885962	lung adenocarcinoma	platform_2	9	84668551	85027070	ENSG00000148053
T8	NTRK2	-1.20728	lung adenocarcinoma	platform_1	9	84668551	85027070	ENSG00000148053
T3	NTRK2	-0.458457	adenocarcinoma	platform_2	9	84668551	85027070	ENSG00000148053
T2	NTRK2	1.09842	squamous cell carcinoma	platform_1	9	84668551	85027070	ENSG00000148053
T12	NTRK2	-0.550298	adenocarcinoma	platform_1	9	84668551	85027070	ENSG00000148053
T4	NTRK2	0.714892	squamous cell carcinoma	platform_1	9	84668551	85027070	ENSG00000148053
T10	NTRK2	-0.0520309	adenocarcinoma	platform_1	9	84668551	85027070	ENSG00000148053
T10	NTRK2	-0.556589	adenocarcinoma	platform_2	9	84668551	85027070	ENSG00000148053
T0	NTRK2	-0.655773	adenocarcinoma	platform_1	9	84668551	85027070	ENSG00000148053
T9	NTRK2	-0.058212	colon carcinoma	platform_1	9	84668551	85027070	ENSG00000148053
T5	NTRK2	-0.822769	adenocarcinoma	platform_2	9	84668551	85027070	ENSG00000148053
T13	NTRK2	-0.314038	lung adenocarcinoma	platform_1	9	84668551	85027070	ENSG00000148053
T13	NTRK2	-0.370552	lung adenocarcinoma	platform_1	9	84668551	85027070	ENSG00000148053
T13	NTRK2	-0.838323	lung adenocarcinoma	platform_2	9	84668551	85027070	ENSG00000148053
T11	NTRK2	1.70684	squamous cell carcinoma	platform_1	9	84668551	85027070	ENSG00000148053
T15	PAX5	-0.943171	colon carcinoma	platform_1	9	36833275	37034185	ENSG00000196092
T1	PAX5	-0.277033	squamous cell carcinoma	platform_1	9	36833275	37034185	ENSG00000196092
T7	PAX5	1.63505	adenocarcinoma	platform_1	9	36833275	37034185	ENSG00000196092
T6	PAX5	-0.314594	lung adenocarcinoma	platform_1	9	36833275	37034185	ENSG00000196092
T14	PAX5	-0.239034	lung adenocarcinoma	platform_2	9	36833275	37034185	ENSG00000196092
T8	PAX5	-0.678493	lung adenocarcinoma	platform_1	9	36833275	37034185	ENSG00000196092
T3	PAX5	1.99586	adenocarcinoma	platform_2	9	36833275	37034185	ENSG00000196092
T2	PAX5	1.61909	squamous cell carcinoma	platform_1	9	36833275	37034185	ENSG00000196092
T12	PAX5	0.174524	adenocarcinoma	platform_1	9	36833275	37034185	ENSG00000196092
T4	PAX5	1.68535	squamous cell carcinoma	platform_1	9	36833275	37034185	ENSG00000196092
T10	PAX5	-1.02637	adenocarcinoma	platform_2	9	36833275	37034185	ENSG00000196092
T10	PAX5	-0.590724	adenocarcinoma	platform_1	9	36833275	37034185	ENSG00000196092
T0	PAX5	0.608461	adenocarcinoma	platform_1	9	36833275	37034185	ENSG00000196092
T9	PAX5	0.5715	colon carcinoma	platform_1	9	36833275	37034185	ENSG00000196092
T5	PAX5	0.13034	adenocarcinoma	platform_2	9	36833275	37034185	ENSG00000196092
T13	PAX5	-0.103563	lung adenocarcinoma	platform_2	9	36833275	37034185	ENSG00000196092
T13	PAX5	0.150857	lung adenocarcinoma	platform_1	9	36833275	37034185	ENSG00000196092
T13	PAX5	0.160891	lung adenocarcinoma	platform_1	9	36833275	37034185	ENSG00000196092
T11	PAX5	0.067801	squamous cell carcinoma	platform_1	9	36833275	37034185	ENSG00000196092
T15	PIK3R1	-1.18345	colon carcinoma	platform_1	5	68215720	68301821	ENSG00000145675
T1	PIK3R1	1.48525	squamous cell carcinoma	platform_1	5	68215720	68301821	ENSG00000145675
T7	PIK3R1	-0.468185	adenocarcinoma	platform_1	5	68215720	68301821	ENSG00000145675
T6	PIK3R1	0.964182	lung adenocarcinoma	platform_1	5	68215720	68301821	ENSG00000145675
T14	PIK3R1	-1.00981	lung adenocarcinoma	platform_2	5	68215720	68301821	ENSG00000145675
T8	PIK3R1	-1.07346	lung adenocarcinoma	platform_1	5	68215720	68301821	ENSG00000145675
T3	PIK3R1	-0.388597	adenocarcinoma	platform_2	5	68215720	68301821	ENSG00000145675
T2	PIK3R1	-0.193898	squamous cell carcinoma	platform_1	5	68215720	68301821	ENSG00000145675
T12	PIK3R1	0.641296	adenocarcinoma	platform_1	5	68215720	68301821	ENSG00000145675
T4	PIK3R1	-0.368233	squamous cell carcinoma	platform_1	5	68215720	68301821	ENSG00000145675
T10	PIK3R1	0.200371	adenocarcinoma	platform_2	5	68215720	68301821	ENSG00000145675
T10	PIK3R1	-0.317138	adenocarcinoma	platform_1	5	68215720	68301821	ENSG00000145675
T0	PIK3R1	-0.495347	adenocarcinoma	platform_1	5	68215720	68301821	ENSG00000145675
T9	PIK3R1	0.847629	colon carcinoma	platform_1	5	68215720	68301821	ENSG00000145675
T5	PIK3R1	-0.748802	adenocarcinoma	platform_2	5	68215720	68301821	ENSG00000145675
T13	PIK3R1	-0.353271	lung adenocarcinoma	platform_1	5	68215720	68301821	ENSG00000145675
T13	PIK3R1	-0.647417	lung adenocarcinoma	platform_1	5	68215720	68301821	ENSG00000145675
T13	PIK3R1	-0.962925	lung adenocarcinoma	platform_2	5	68215720	68301821	ENSG00000145675
T11	PIK3R1	-0.534128	squamous cell carcinoma	platform_1	5	68215720	68301821	ENSG00000145675
T15	PRKAA2	-1.59295	colon carcinoma	platform_1	1	56645322	56715335	ENSG00000162409
T1	PRKAA2	0.915716	squamous cell carcinoma	platform_1	1	56645322	56715335	ENSG00000162409
T7	PRKAA2	-1.88049	adenocarcinoma	platform_1	1	56645322	56715335	ENSG00000162409
T6	PRKAA2	0.556982	lung adenocarcinoma	platform_1	1	56645322	56715335	ENSG00000162409
T14	PRKAA2	0.59331	lung adenocarcinoma	platform_2	1	56645322	56715335	ENSG00000162409
T8	PRKAA2	1.25771	lung adenocarcinoma	platform_1	1	56645322	56715335	ENSG00000162409
T3	PRKAA2	-1.06007	adenocarcinoma	platform_2	1	56645322	56715335	ENSG00000162409
T2	PRKAA2	-0.388899	squamous cell carcinoma	platform_1	1	56645322	56715335	ENSG00000162409
T12	PRKAA2	-1.28755	adenocarcinoma	platform_1	1	56645322	56715335	ENSG00000162409
T4	PRKAA2	0.456968	squamous cell carcinoma	platform_1	1	56645322	56715335	ENSG00000162409
T10	PRKAA2	0.340077	adenocarcinoma	platform_2	1	56645322	56715335	ENSG00000162409
T10	PRKAA2	0.487955	adenocarcinoma	platform_1	1	56645322	56715335	ENSG00000162409
T0	PRKAA2	0.92019	adenocarcinoma	platform_1	1	56645322	56715335	ENSG00000162409
T9	PRKAA2	-1.61114	colon carcinoma	platform_1	1	56645322	56715335	ENSG00000162409
T5	PRKAA2	-1.69192	adenocarcinoma	platform_2	1	56645322	56715335	ENSG00000162409
T13	PRKAA2	0.151777	lung adenocarcinoma	platform_2	1	56645322	56715335	ENSG00000162409
T13	PRKAA2	0.799646	lung adenocarcinoma	platform_1	1	56645322	56715335	ENSG00000162409
T13	PRKAA2	0.727718	lung adenocarcinoma	platform_1	1	56645322	56715335	ENSG00000162409
T11	PRKAA2	1.05474	squamous cell carcinoma	platform_1	1	56645322	56715335	ENSG00000162409
T15	PRMT3	0.0696615	colon carcinoma	platform_1	11	20387530	20509294	ENSG00000185238
T1	PRMT3	-0.75004	squamous cell carcinoma	platform_1	11	20387530	20509294	ENSG00000185238
T7	PRMT3	1.0342	adenocarcinoma	platform_1	11	20387530	20509294	ENSG00000185238
T6	PRMT3	-0.372727	lung adenocarcinoma	platform_1	11	20387530	20509294	ENSG00000185238
T14	PRMT3	-0.517022	lung adenocarcinoma	platform_2	11	20387530	20509294	ENSG00000185238
T8	PRMT3	-1.35362	lung adenocarcinoma	platform_1	11	20387530	20509294	ENSG00000185238
T3	PRMT3	-0.43092	adenocarcinoma	platform_2	11	20387530	20509294	ENSG00000185238
T2	PRMT3	-0.249103	squamous cell carcinoma	platform_1	11	20387530	20509294	ENSG00000185238
T12	PRMT3	1.34587	adenocarcinoma	platform_1	11	20387530	20509294	ENSG00000185238
T4	PRMT3	-0.0753517	squamous cell carcinoma	platform_1	11	20387530	20509294	ENSG00000185238
T10	PRMT3	0.566451	adenocarcinoma	platform_1	11	20387530	20509294	ENSG00000185238
T10	PRMT3	1.10435	adenocarcinoma	platform_2	11	20387530	20509294	ENSG00000185238
T0	PRMT3	0.457934	adenocarcinoma	platform_1	11	20387530	20509294	ENSG00000185238
T9	PRMT3	1.65548	colon carcinoma	platform_1	11	20387530	20509294	ENSG00000185238
T5	PRMT3	0.119929	adenocarcinoma	platform_2	11	20387530	20509294	ENSG00000185238
T13	PRMT3	-0.19292	lung adenocarcinoma	platform_1	11	20387530	20509294	ENSG00000185238
T13	PRMT3	-0.731459	lung adenocarcinoma	platform_2	11	20387530	20509294	ENSG00000185238
T13	PRMT3	-0.274838	lung adenocarcinoma	platform_1	11	20387530	20509294	ENSG00000185238
T11	PRMT3	0.23058	squamous cell carcinoma	platform_1	11	20387530	20509294	ENSG00000185238
T15	PTCH1	1.15065	colon carcinoma	platform_1	9	95442980	95517057	ENSG00000185920
T1	PTCH1	0.335669	squamous cell carcinoma	platform_1	9	95442980	95517057	ENSG00000185920
T7	PTCH1	0.57354	adenocarcinoma	platform_1	9	95442980	95517057	ENSG00000185920
T6	PTCH1	-0.42703	lung adenocarcinoma	platform_1	9	95442980	95517057	ENSG00000185920
T14	PTCH1	-0.0358634	lung adenocarcinoma	platform_2	9	95442980	95517057	ENSG00000185920
T8	PTCH1	-0.252846	lung adenocarcinoma	platform_1	9	95442980	95517057	ENSG00000185920
T3	PTCH1	-0.55048	adenocarcinoma	platform_2	9	95442980	95517057	ENSG00000185920
T2	PTCH1	-1.16409	squamous cell carcinoma	platform_1	9	95442980	95517057	ENSG00000185920
T12	PTCH1	1.80197	adenocarcinoma	platform_1	9	95442980	95517057	ENSG00000185920
T4	PTCH1	-0.179816	squamous cell carcinoma	platform_1	9	95442980	95517057	ENSG00000185920
T10	PTCH1	0.994175	adenocarcinoma	platform_2	9	95442980	95517057	ENSG00000185920
T10	PTCH1	0.549523	adenocarcinoma	platform_1	9	95442980	95517057	ENSG00000185920
T0	PTCH1	0.741972	adenocarcinoma	platform_1	9	95442980	95517057	ENSG00000185920
T9	PTCH1	0.225891	colon carcinoma	platform_1	9	95442980	95517057	ENSG00000185920
T5	PTCH1	-0.223143	adenocarcinoma	platform_2	9	95442980	95517057	ENSG00000185920
T13	PTCH1	-1.20524	lung adenocarcinoma	platform_2	9	95442980	95517057	ENSG00000185920
T13	PTCH1	-0.861724	lung adenocarcinoma	platform_1	9	95442980	95517057	ENSG00000185920
T13	PTCH1	-1.5535	lung adenocarcinoma	platform_1	9	95442980	95517057	ENSG00000185920
T11	PTCH1	1.83594	squamous cell carcinoma	platform_1	9	95442980	95517057	ENSG00000185920
T15	PTEN	0.227238	colon carcinoma	platform_1	10	87863113	87971930	ENSG00000171862
T1	PTEN	-0.247394	squamous cell carcinoma	platform_1	10	87863113	87971930	ENSG00000171862
T7	PTEN	-0.0838603	adenocarcinoma	platform_1	10	87863113	87971930	ENSG00000171862
T6	PTEN	-0.244704	lung adenocarcinoma	platform_1	10	87863113	87971930	ENSG00000171862
T14	PTEN	0.111226	lung adenocarcinoma	platform_2	10	87863113	87971930	ENSG00000171862
T8	PTEN	0.110149	lung adenocarcinoma	platform_1	10	87863113	87971930	ENSG00000171862
T3	PTEN	0.0444511	adenocarcinoma	platform_2	10	87863113	87971930	ENSG00000171862
T2	PTEN	0.830314	squamous cell carcinoma	platform_1	10	87863113	87971930	ENSG00000171862
T12	PTEN	0.473735	adenocarcinoma	platform_1	10	87863113	87971930	ENSG00000171862
T4	PTEN	0.390671	squamous cell carcinoma	platform_1	10	87863113	87971930	ENSG00000171862
T10	PTEN	-0.45815	adenocarcinoma	platform_1	10	87863113	87971930	ENSG00000171862
T10	PTEN	-0.66511	adenocarcinoma	platform_2	10	87863113	87971930	ENSG00000171862
T0	PTEN	0.414164	adenocarcinoma	platform_1	10	87863113	87971930	ENSG00000171862
T9	PTEN	0.540716	colon carcinoma	platform_1	10	87863113	87971930	ENSG00000171862
T5	PTEN	1.32705	adenocarcinoma	platform_2	10	87863113	87971930	ENSG00000171862
T13	PTEN	0.149548	lung adenocarcinoma	platform_2	10	87863113	87971930	ENSG00000171862
T13	PTEN	0.164662	lung adenocarcinoma	platform_1	10	87863113	87971930	ENSG00000171862
T13	PTEN	0.17883	lung adenocarcinoma	platform_1	10	87863113	87971930	ENSG00000171862
T11	PTEN	0.1991	squamous cell carcinoma	platform_1	10	87863113	87971930	ENSG00000171862
T15	RAD51C	-0.175396	colon carcinoma	platform_1	17	58692573	58735611	ENSG00000108384
T1	RAD51C	0.483302	squamous cell carcinoma	platform_1	17	58692573	58735611	ENSG00000108384
T7	RAD51C	-0.643169	adenocarcinoma	platform_1	17	58692573	58735611	ENSG00000108384
T6	RAD51C	0.0152746	lung adenocarcinoma	platform_1	17	58692573	58735611	ENSG00000108384
T14	RAD51C	-0.119637	lung adenocarcinoma	platform_2	17	58692573	58735611	ENSG00000108384
T8	RAD51C	-0.567499	lung adenocarcinoma	platform_1	17	58692573	58735611	ENSG00000108384
T3	RAD51C	-0.812861	adenocarcinoma	platform_2	17	58692573	58735611	ENSG00000108384
T2	RAD51C	1.88228	squamous cell carcinoma	platform_1	17	58692573	58735611	ENSG00000108384
T12	RAD51C	-0.881748	adenocarcinoma	platform_1	17	58692573	58735611	ENSG00000108384
T4	RAD51C	-0.190951	squamous cell carcinoma	platform_1	17	58692573	58735611	ENSG00000108384
T10	RAD51C	-0.31626	adenocarcinoma	platform_2	17	58692573	58735611	ENSG00000108384
T10	RAD51C	0.0948053	adenocarcinoma	platform_1	17	58692573	58735611	ENSG00000108384
T0	RAD51C	-1.48649	adenocarcinoma	platform_1	17	58692573	58735611	ENSG00000108384
T9	RAD51C	-2.41129	colon carcinoma	platform_1	17	58692573	58735611	ENSG00000108384
T5	RAD51C	-0.343239	adenocarcinoma	platform_2	17	58692573	58735611	ENSG00000108384
T13	RAD51C	-0.787723	lung adenocarcinoma	platform_2	17	58692573	58735611	ENSG00000108384
T13	RAD51C	0.15313	lung adenocarcinoma	platform_1	17	58692573	58735611	ENSG00000108384
T13	RAD51C	-0.291515	lung adenocarcinoma	platform_1	17	58692573	58735611	ENSG00000108384
T11	RAD51C	0.127371	squamous cell carcinoma	platform_1	17	58692573	58735611	ENSG00000108384
T15	RAD54B	0.00255094	colon carcinoma	platform_1	8	94371960	94475109	ENSG00000197275
T1	RAD54B	0.596951	squamous cell carcinoma	platform_1	8	94371960	94475109	ENSG00000197275
T7	RAD54B	-1.80915	adenocarcinoma	platform_1	8	94371960	94475109	ENSG00000197275
T6	RAD54B	-0.541379	lung adenocarcinoma	platform_1	8	94371960	94475109	ENSG00000197275
T14	RAD54B	0.0859706	lung adenocarcinoma	platform_2	8	94371960	94475109	ENSG00000197275
T8	RAD54B	-0.459321	lung adenocarcinoma	platform_1	8	94371960	94475109	ENSG00000197275
T3	RAD54B	-0.902319	adenocarcinoma	platform_2	8	94371960	94475109	ENSG00000197275
T2	RAD54B	1.01565	squamous cell carcinoma	platform_1	8	94371960	94475109	ENSG00000197275
T12	RAD54B	1.75744	adenocarcinoma	platform_1	8	94371960	94475109	ENSG00000197275
T4	RAD54B	-0.572757	squamous cell carcinoma	platform_1	8	94371960	94475109	ENSG00000197275
T10	RAD54B	1.87674	adenocarcinoma	platform_2	8	94371960	94475109	ENSG00000197275
T10	RAD54B	0.819886	adenocarcinoma	platform_1	8	94371960	94475109	ENSG00000197275
T0	RAD54B	-0.0646501	adenocarcinoma	platform_1	8	94371960	94475109	ENSG00000197275
T9	RAD54B	-0.160235	colon carcinoma	platform_1	8	94371960	94475109	ENSG00000197275
T5	RAD54B	0.523293	adenocarcinoma	platform_2	8	94371960	94475109	ENSG00000197275
T13	RAD54B	-1.65149	lung adenocarcinoma	platform_2	8	94371960	94475109	ENSG00000197275
T13	RAD54B	-1.46281	lung adenocarcinoma	platform_1	8	94371960	94475109	ENSG00000197275
T13	RAD54B	-1.18264	lung adenocarcinoma	platform_1	8	94371960	94475109	ENSG00000197275
T11	RAD54B	0.146924	squamous cell carcinoma	platform_1	8	94371960	94475109	ENSG00000197275
T15	SF3B1	-0.308975	colon carcinoma	platform_1	2	197389784	197435091	ENSG00000115524
T1	SF3B1	0.934238	squamous cell carcinoma	platform_1	2	197389784	197435091	ENSG00000115524
T7	SF3B1	-0.572369	adenocarcinoma	platform_1	2	197389784	197435091	ENSG00000115524
T6	SF3B1	-1.78514	lung adenocarcinoma	platform_1	2	197389784	197435091	ENSG00000115524
T14	SF3B1	0.567531	lung adenocarcinoma	platform_2	2	197389784	197435091	ENSG00000115524
T8	SF3B1	0.430503	lung adenocarcinoma	platform_1	2	197389784	197435091	ENSG00000115524
T3	SF3B1	-3.04577	adenocarcinoma	platform_2	2	197389784	197435091	ENSG00000115524
T2	SF3B1	-0.426557	squamous cell carcinoma	platform_1	2	197389784	197435091	ENSG00000115524
T12	SF3B1	-0.0476977	adenocarcinoma	platform_1	2	197389784	197435091	ENSG00000115524
T4	SF3B1	-0.84727	squamous cell carcinoma	platform_1	2	197389784	197435091	ENSG00000115524
T10	SF3B1	-1.42689	adenocarcinoma	platform_1	2	197389784	197435091	ENSG00000115524
T10	SF3B1	-0.443793	adenocarcinoma	platform_2	2	197389784	197435091	ENSG00000115524
T0	SF3B1	-0.362816	adenocarcinoma	platform_1	2	197389784	197435091	ENSG00000115524
T9	SF3B1	0.647423	colon carcinoma	platform_1	2	197389784	197435091	ENSG00000115524
T5	SF3B1	0.254385	adenocarcinoma	platform_2	2	197389784	197435091	ENSG00000115524
T13	SF3B1	0.344752	lung adenocarcinoma	platform_1	2	197389784	197435091	ENSG00000115524
T13	SF3B1	-0.140953	lung adenocarcinoma	platform_2	2	197389784	197435091	ENSG00000115524
T13	SF3B1	-0.0877888	lung adenocarcinoma	platform_1	2	197389784	197435091	ENSG00000115524
T11	SF3B1	-0.634288	squamous cell carcinoma	platform_1	2	197389784	197435091	ENSG00000115524
T15	SMAD2	-1.79844	colon carcinoma	platform_1	18	47808957	47931146	ENSG00000175387
T1	SMAD2	2.81594	squamous cell carcinoma	platform_1	18	47808957	47931146	ENSG00000175387
T7	SMAD2	-1.94242	adenocarcinoma	platform_1	18	47808957	47931146	ENSG00000175387
T6	SMAD2	1.09257	lung adenocarcinoma	platform_1	18	47808957	47931146	ENSG00000175387
T14	SMAD2	-0.642156	lung adenocarcinoma	platform_2	18	47808957	47931146	ENSG00000175387
T8	SMAD2	-0.338912	lung adenocarcinoma	platform_1	18	47808957	47931146	ENSG00000175387
T3	SMAD2	0.210092	adenocarcinoma	platform_2	18	47808957	47931146	ENSG00000175387
T2	SMAD2	0.194471	squamous cell carcinoma	platform_1	18	47808957	47931146	ENSG00000175387
T12	SMAD2	-1.01829	adenocarcinoma	platform_1	18	47808957	47931146	ENSG00000175387
T4	SMAD2	0.147727	squamous cell carcinoma	platform_1	18	47808957	47931146	ENSG00000175387
T10	SMAD2	-5.83369	adenocarcinoma	platform_1	18	47808957	47931146	ENSG00000175387
T10	SMAD2	-3.2716	adenocarcinoma	platform_2	18	47808957	47931146	ENSG00000175387
T0	SMAD2	-1.2419	adenocarcinoma	platform_1	18	47808957	47931146	ENSG00000175387
T9	SMAD2	-0.736238	colon carcinoma	platform_1	18	47808957	47931146	ENSG00000175387
T5	SMAD2	0.174932	adenocarcinoma	platform_2	18	47808957	47931146	ENSG00000175387
T13	SMAD2	-0.501729	lung adenocarcinoma	platform_1	18	47808957	47931146	ENSG00000175387
T13	SMAD2	-0.735175	lung adenocarcinoma	platform_2	18	47808957	47931146	ENSG00000175387
T13	SMAD2	-1.01911	lung adenocarcinoma	platform_1	18	47808957	47931146	ENSG00000175387
T11	SMAD2	0.384249	squamous cell carcinoma	platform_1	18	47808957	47931146	ENSG00000175387
T15	TNFAIP3	-1.19433	colon carcinoma	platform_1	6	137867188	137883312	ENSG00000118503
T1	TNFAIP3	1.2901	squamous cell carcinoma	platform_1	6	137867188	137883312	ENSG00000118503
T7	TNFAIP3	-0.193096	adenocarcinoma	platform_1	6	137867188	137883312	ENSG00000118503
T6	TNFAIP3	-0.310289	lung adenocarcinoma	platform_1	6	137867188	137883312	ENSG00000118503
T14	TNFAIP3	0.983404	lung adenocarcinoma	platform_2	6	137867188	137883312	ENSG00000118503
T8	TNFAIP3	0.659047	lung adenocarcinoma	platform_1	6	137867188	137883312	ENSG00000118503
T3	TNFAIP3	-0.183255	adenocarcinoma	platform_2	6	137867188	137883312	ENSG00000118503
T2	TNFAIP3	2.85481	squamous cell carcinoma	platform_1	6	137867188	137883312	ENSG00000118503
T12	TNFAIP3	-0.245603	adenocarcinoma	platform_1	6	137867188	137883312	ENSG00000118503
T4	TNFAIP3	1.71095	squamous cell carcinoma	platform_1	6	137867188	137883312	ENSG00000118503
T10	TNFAIP3	-0.589419	adenocarcinoma	platform_2	6	137867188	137883312	ENSG00000118503
T10	TNFAIP3	-0.770288	adenocarcinoma	platform_1	6	137867188	137883312	ENSG00000118503
T0	TNFAIP3	-1.9658	adenocarcinoma	platform_1	6	137867188	137883312	ENSG00000118503
T9	TNFAIP3	0.745709	colon carcinoma	platform_1	6	137867188	137883312	ENSG00000118503
T5	TNFAIP3	-0.465517	adenocarcinoma	platform_2	6	137867188	137883312	ENSG00000118503
T13	TNFAIP3	1.27142	lung adenocarcinoma	platform_2	6	137867188	137883312	ENSG00000118503
T13	TNFAIP3	1.15702	lung adenocarcinoma	platform_1	6	137867188	137883312	ENSG00000118503
T13	TNFAIP3	1.04843	lung adenocarcinoma	platform_1	6	137867188	137883312	ENSG00000118503
T11	TNFAIP3	0.646241	squamous cell carcinoma	platform_1	6	137867188	137883312	ENSG00000118503
T15	U2AF1	-0.0113839	colon carcinoma	platform_1	21	43092956	43107587	ENSG00000160201
T1	U2AF1	0.0586691	squamous cell carcinoma	platform_1	21	43092956	43107587	ENSG00000160201
T7	U2AF1	1.1403	adenocarcinoma	platform_1	21	43092956	43107587	ENSG00000160201
T6	U2AF1	-0.0629429	lung adenocarcinoma	platform_1	21	43092956	43107587	ENSG00000160201
T8	U2AF1	-0.643199	lung adenocarcinoma	platform_1	21	43092956	43107587	ENSG00000160201
T2	U2AF1	-0.418287	squamous cell carcinoma	platform_1	21	43092956	43107587	ENSG00000160201
T12	U2AF1	0.68708	adenocarcinoma	platform_1	21	43092956	43107587	ENSG00000160201
T4	U2AF1	0.0513731	squamous cell carcinoma	platform_1	21	43092956	43107587	ENSG00000160201
T10	U2AF1	-0.569232	adenocarcinoma	platform_1	21	43092956	43107587	ENSG00000160201
T0	U2AF1	-1.03516	adenocarcinoma	platform_1	21	43092956	43107587	ENSG00000160201
T9	U2AF1	1.1315	colon carcinoma	platform_1	21	43092956	43107587	ENSG00000160201
T13	U2AF1	-1.04207	lung adenocarcinoma	platform_1	21	43092956	43107587	ENSG00000160201
T13	U2AF1	-0.83386	lung adenocarcinoma	platform_1	21	43092956	43107587	ENSG00000160201
T11	U2AF1	-0.195816	squamous cell carcinoma	platform_1	21	43092956	43107587	ENSG00000160201
T15	WNT7A	-0.486296	colon carcinoma	platform_1	3	13816258	13880121	ENSG00000154764
T1	WNT7A	0.0964303	squamous cell carcinoma	platform_1	3	13816258	13880121	ENSG00000154764
T7	WNT7A	-0.0854787	adenocarcinoma	platform_1	3	13816258	13880121	ENSG00000154764
T6	WNT7A	-0.746023	lung adenocarcinoma	platform_1	3	13816258	13880121	ENSG00000154764
T14	WNT7A	1.04382	lung adenocarcinoma	platform_2	3	13816258	13880121	ENSG00000154764
T8	WNT7A	1.85452	lung adenocarcinoma	platform_1	3	13816258	13880121	ENSG00000154764
T3	WNT7A	-0.223593	adenocarcinoma	platform_2	3	13816258	13880121	ENSG00000154764
T2	WNT7A	-0.746023	squamous cell carcinoma	platform_1	3	13816258	13880121	ENSG00000154764
T12	WNT7A	0.0902464	adenocarcinoma	platform_1	3	13816258	13880121	ENSG00000154764
T4	WNT7A	1.76128	squamous cell carcinoma	platform_1	3	13816258	13880121	ENSG00000154764
T10	WNT7A	-0.22612	adenocarcinoma	platform_2	3	13816258	13880121	ENSG00000154764
T10	WNT7A	-0.541403	adenocarcinoma	platform_1	3	13816258	13880121	ENSG00000154764
T0	WNT7A	0.646123	adenocarcinoma	platform_1	3	13816258	13880121	ENSG00000154764
T9	WNT7A	0.772733	colon carcinoma	platform_1	3	13816258	13880121	ENSG00000154764
T5	WNT7A	-0.400622	adenocarcinoma	platform_2	3	13816258	13880121	ENSG00000154764
T13	WNT7A	1.26452	lung adenocarcinoma	platform_1	3	13816258	13880121	ENSG00000154764
T13	WNT7A	0.384844	lung adenocarcinoma	platform_2	3	13816258	13880121	ENSG00000154764
T13	WNT7A	1.60059	lung adenocarcinoma	platform_1	3	13816258	13880121	ENSG00000154764
T11	WNT7A	0.167219	squamous cell carcinoma	platform_1	3	13816258	13880121	ENSG00000154764
T15	XRCC3	-0.245802	colon carcinoma	platform_1	14	103697609	103715504	ENSG00000126215
T1	XRCC3	0.877043	squamous cell carcinoma	platform_1	14	103697609	103715504	ENSG00000126215
T7	XRCC3	-1.2122	adenocarcinoma	platform_1	14	103697609	103715504	ENSG00000126215
T6	XRCC3	-0.0207011	lung adenocarcinoma	platform_1	14	103697609	103715504	ENSG00000126215
T14	XRCC3	-0.340652	lung adenocarcinoma	platform_2	14	103697609	103715504	ENSG00000126215
T8	XRCC3	-0.822967	lung adenocarcinoma	platform_1	14	103697609	103715504	ENSG00000126215
T3	XRCC3	-0.913327	adenocarcinoma	platform_2	14	103697609	103715504	ENSG00000126215
T2	XRCC3	1.21999	squamous cell carcinoma	platform_1	14	103697609	103715504	ENSG00000126215
T12	XRCC3	-0.243699	adenocarcinoma	platform_1	14	103697609	103715504	ENSG00000126215
T4	XRCC3	-0.0360649	squamous cell carcinoma	platform_1	14	103697609	103715504	ENSG00000126215
T10	XRCC3	-0.053196	adenocarcinoma	platform_1	14	103697609	103715504	ENSG00000126215
T10	XRCC3	-0.260183	adenocarcinoma	platform_2	14	103697609	103715504	ENSG00000126215
T0	XRCC3	1.04202	adenocarcinoma	platform_1	14	103697609	103715504	ENSG00000126215
T9	XRCC3	-0.458757	colon carcinoma	platform_1	14	103697609	103715504	ENSG00000126215
T5	XRCC3	0.942599	adenocarcinoma	platform_2	14	103697609	103715504	ENSG00000126215
T13	XRCC3	-0.23234	lung adenocarcinoma	platform_1	14	103697609	103715504	ENSG00000126215
T13	XRCC3	-0.670226	lung adenocarcinoma	platform_1	14	103697609	103715504	ENSG00000126215
T13	XRCC3	-0.512581	lung adenocarcinoma	platform_2	14	103697609	103715504	ENSG00000126215
T11	XRCC3	0.154441	squamous cell carcinoma	platform_1	14	103697609	103715504	ENSG00000126215